{"type":"FeatureCollection","attribution":"© OpenStreetMap contributors","features":[{"type":"Feature","id":1,"properties":{"k":"resto"},"geometry":{"type":"Point","coordinates":[13.38783,52.49331]}},{"type":"Feature","id":2,"properties":{"k":"resto"},"geometry":{"type":"Point","coordinates":[13.39807,52.52725]}},{"type":"Feature","id":3,"properties":{"k":"resto"},"geometry":{"type":"Point","coordinates":[13.39926,52.52747]}},{"type":"Feature","id":4,"properties":{"k":"resto"},"geometry":{"type":"Point","coordinates":[13.40133,52.52673]}},{"type":"Feature","id":5,"properties":{"k":"resto"},"geometry":{"type":"Point","coordinates":[13.40092,52.52738]}},{"type":"Feature","id":6,"properties":{"k":"resto"},"geometry":{"type":"Point","coordinates":[13.40068,52.52773]}},{"type":"Feature","id":7,"properties":{"k":"resto"},"geometry":{"type":"Point","coordinates":[13.38553,52.50743]}},{"type":"Feature","id":8,"properties":{"k":"resto"},"geometry":{"type":"Point","coordinates":[13.39175,52.52526]}},{"type":"Feature","id":9,"properties":{"k":"resto"},"geometry":{"type":"Point","coordinates":[13.39122,52.52539]}},{"type":"Feature","id":10,"properties":{"k":"resto"},"geometry":{"type":"Point","coordinates":[13.38515,52.52115]}},{"type":"Feature","id":11,"properties":{"k":"resto"},"geometry":{"type":"Point","coordinates":[13.38502,52.52135]}},{"type":"Feature","id":12,"properties":{"k":"resto"},"geometry":{"type":"Point","coordinates":[13.38369,52.50349]}},{"type":"Feature","id":13,"properties":{"k":"resto"},"geometry":{"type":"Point","coordinates":[13.38968,52.5181]}},{"type":"Feature","id":14,"properties":{"k":"resto"},"geometry":{"type":"Point","coordinates":[13.38864,52.51804]}},{"type":"Feature","id":15,"properties":{"k":"resto"},"geometry":{"type":"Point","coordinates":[13.38736,52.49257]}},{"type":"Feature","id":16,"properties":{"k":"resto"},"geometry":{"type":"Point","coordinates":[13.43523,52.4941]}},{"type":"Feature","id":17,"properties":{"k":"resto"},"geometry":{"type":"Point","coordinates":[13.43363,52.49554]}},{"type":"Feature","id":18,"properties":{"k":"resto"},"geometry":{"type":"Point","coordinates":[13.43287,52.49479]}},{"type":"Feature","id":19,"properties":{"k":"resto"},"geometry":{"type":"Point","coordinates":[13.42943,52.49468]}},{"type":"Feature","id":20,"properties":{"k":"resto"},"geometry":{"type":"Point","coordinates":[13.42979,52.49505]}},{"type":"Feature","id":21,"properties":{"k":"resto"},"geometry":{"type":"Point","coordinates":[13.433,52.49188]}},{"type":"Feature","id":22,"properties":{"k":"resto"},"geometry":{"type":"Point","coordinates":[13.3803,52.51891]}},{"type":"Feature","id":23,"properties":{"k":"resto"},"geometry":{"type":"Point","coordinates":[13.381,52.51105]}},{"type":"Feature","id":24,"properties":{"k":"resto"},"geometry":{"type":"Point","coordinates":[13.38636,52.51368]}},{"type":"Feature","id":25,"properties":{"k":"resto"},"geometry":{"type":"Point","coordinates":[13.3882,52.51381]}},{"type":"Feature","id":26,"properties":{"k":"resto"},"geometry":{"type":"Point","coordinates":[13.38179,52.52387]}},{"type":"Feature","id":27,"properties":{"k":"resto"},"geometry":{"type":"Point","coordinates":[13.38094,52.52373]}},{"type":"Feature","id":28,"properties":{"k":"resto"},"geometry":{"type":"Point","coordinates":[13.38464,52.52929]}},{"type":"Feature","id":29,"properties":{"k":"resto"},"geometry":{"type":"Point","coordinates":[13.38739,52.5304]}},{"type":"Feature","id":30,"properties":{"k":"resto"},"geometry":{"type":"Point","coordinates":[13.38955,52.52975]}},{"type":"Feature","id":31,"properties":{"k":"resto"},"geometry":{"type":"Point","coordinates":[13.39137,52.52802]}},{"type":"Feature","id":32,"properties":{"k":"resto"},"geometry":{"type":"Point","coordinates":[13.38674,52.52744]}},{"type":"Feature","id":33,"properties":{"k":"resto"},"geometry":{"type":"Point","coordinates":[13.38642,52.52707]}},{"type":"Feature","id":34,"properties":{"k":"resto"},"geometry":{"type":"Point","coordinates":[13.38723,52.52717]}},{"type":"Feature","id":35,"properties":{"k":"resto"},"geometry":{"type":"Point","coordinates":[13.38077,52.5124]}},{"type":"Feature","id":36,"properties":{"k":"resto"},"geometry":{"type":"Point","coordinates":[13.38084,52.51198]}},{"type":"Feature","id":37,"properties":{"k":"resto"},"geometry":{"type":"Point","coordinates":[13.38271,52.51221]}},{"type":"Feature","id":38,"properties":{"k":"resto"},"geometry":{"type":"Point","coordinates":[13.41195,52.53128]}},{"type":"Feature","id":39,"properties":{"k":"resto"},"geometry":{"type":"Point","coordinates":[13.39963,52.52368]}},{"type":"Feature","id":40,"properties":{"k":"resto"},"geometry":{"type":"Point","coordinates":[13.39801,52.52773]}},{"type":"Feature","id":41,"properties":{"k":"resto"},"geometry":{"type":"Point","coordinates":[13.39697,52.52706]}},{"type":"Feature","id":42,"properties":{"k":"resto"},"geometry":{"type":"Point","coordinates":[13.39878,52.52333]}},{"type":"Feature","id":43,"properties":{"k":"resto"},"geometry":{"type":"Point","coordinates":[13.40186,52.52899]}},{"type":"Feature","id":44,"properties":{"k":"resto"},"geometry":{"type":"Point","coordinates":[13.40154,52.52962]}},{"type":"Feature","id":45,"properties":{"k":"resto"},"geometry":{"type":"Point","coordinates":[13.39569,52.52011]}},{"type":"Feature","id":46,"properties":{"k":"resto"},"geometry":{"type":"Point","coordinates":[13.3952,52.51418]}},{"type":"Feature","id":47,"properties":{"k":"resto"},"geometry":{"type":"Point","coordinates":[13.3966,52.51164]}},{"type":"Feature","id":48,"properties":{"k":"resto"},"geometry":{"type":"Point","coordinates":[13.39695,52.51436]}},{"type":"Feature","id":49,"properties":{"k":"resto"},"geometry":{"type":"Point","coordinates":[13.38944,52.50855]}},{"type":"Feature","id":50,"properties":{"k":"resto"},"geometry":{"type":"Point","coordinates":[13.39019,52.50859]}},{"type":"Feature","id":51,"properties":{"k":"resto"},"geometry":{"type":"Point","coordinates":[13.38628,52.50747]}},{"type":"Feature","id":52,"properties":{"k":"resto"},"geometry":{"type":"Point","coordinates":[13.38703,52.50751]}},{"type":"Feature","id":53,"properties":{"k":"resto"},"geometry":{"type":"Point","coordinates":[13.39125,52.50212]}},{"type":"Feature","id":54,"properties":{"k":"resto"},"geometry":{"type":"Point","coordinates":[13.39828,52.50708]}},{"type":"Feature","id":55,"properties":{"k":"resto"},"geometry":{"type":"Point","coordinates":[13.38238,52.50451]}},{"type":"Feature","id":56,"properties":{"k":"resto"},"geometry":{"type":"Point","coordinates":[13.38263,52.494]}},{"type":"Feature","id":57,"properties":{"k":"resto"},"geometry":{"type":"Point","coordinates":[13.39774,52.49529]}},{"type":"Feature","id":58,"properties":{"k":"resto"},"geometry":{"type":"Point","coordinates":[13.39112,52.49668]}},{"type":"Feature","id":59,"properties":{"k":"resto"},"geometry":{"type":"Point","coordinates":[13.39084,52.49215]}},{"type":"Feature","id":60,"properties":{"k":"resto"},"geometry":{"type":"Point","coordinates":[13.39269,52.49177]}},{"type":"Feature","id":61,"properties":{"k":"resto"},"geometry":{"type":"Point","coordinates":[13.39234,52.49053]}},{"type":"Feature","id":62,"properties":{"k":"resto"},"geometry":{"type":"Point","coordinates":[13.39496,52.49344]}},{"type":"Feature","id":63,"properties":{"k":"resto"},"geometry":{"type":"Point","coordinates":[13.3949,52.49326]}},{"type":"Feature","id":64,"properties":{"k":"resto"},"geometry":{"type":"Point","coordinates":[13.39849,52.49285]}},{"type":"Feature","id":65,"properties":{"k":"resto"},"geometry":{"type":"Point","coordinates":[13.39855,52.49991]}},{"type":"Feature","id":66,"properties":{"k":"resto"},"geometry":{"type":"Point","coordinates":[13.40247,52.5107]}},{"type":"Feature","id":67,"properties":{"k":"resto"},"geometry":{"type":"Point","coordinates":[13.40439,52.50909]}},{"type":"Feature","id":68,"properties":{"k":"resto"},"geometry":{"type":"Point","coordinates":[13.40529,52.50832]}},{"type":"Feature","id":69,"properties":{"k":"resto"},"geometry":{"type":"Point","coordinates":[13.40957,52.50398]}},{"type":"Feature","id":70,"properties":{"k":"resto"},"geometry":{"type":"Point","coordinates":[13.40835,52.51229]}},{"type":"Feature","id":71,"properties":{"k":"resto"},"geometry":{"type":"Point","coordinates":[13.40877,52.51199]}},{"type":"Feature","id":72,"properties":{"k":"resto"},"geometry":{"type":"Point","coordinates":[13.41231,52.51219]}},{"type":"Feature","id":73,"properties":{"k":"resto"},"geometry":{"type":"Point","coordinates":[13.41335,52.5126]}},{"type":"Feature","id":74,"properties":{"k":"resto"},"geometry":{"type":"Point","coordinates":[13.41646,52.511]}},{"type":"Feature","id":75,"properties":{"k":"resto"},"geometry":{"type":"Point","coordinates":[13.41668,52.51141]}},{"type":"Feature","id":76,"properties":{"k":"resto"},"geometry":{"type":"Point","coordinates":[13.40702,52.49894]}},{"type":"Feature","id":77,"properties":{"k":"resto"},"geometry":{"type":"Point","coordinates":[13.40786,52.50001]}},{"type":"Feature","id":78,"properties":{"k":"resto"},"geometry":{"type":"Point","coordinates":[13.41065,52.49982]}},{"type":"Feature","id":79,"properties":{"k":"resto"},"geometry":{"type":"Point","coordinates":[13.41801,52.49882]}},{"type":"Feature","id":80,"properties":{"k":"resto"},"geometry":{"type":"Point","coordinates":[13.41501,52.50387]}},{"type":"Feature","id":81,"properties":{"k":"resto"},"geometry":{"type":"Point","coordinates":[13.41208,52.50913]}},{"type":"Feature","id":82,"properties":{"k":"resto"},"geometry":{"type":"Point","coordinates":[13.42068,52.50761]}},{"type":"Feature","id":83,"properties":{"k":"resto"},"geometry":{"type":"Point","coordinates":[13.41717,52.51525]}},{"type":"Feature","id":84,"properties":{"k":"resto"},"geometry":{"type":"Point","coordinates":[13.41368,52.51738]}},{"type":"Feature","id":85,"properties":{"k":"resto"},"geometry":{"type":"Point","coordinates":[13.41812,52.5165]}},{"type":"Feature","id":86,"properties":{"k":"resto"},"geometry":{"type":"Point","coordinates":[13.40335,52.52745]}},{"type":"Feature","id":87,"properties":{"k":"resto"},"geometry":{"type":"Point","coordinates":[13.40914,52.52411]}},{"type":"Feature","id":88,"properties":{"k":"resto"},"geometry":{"type":"Point","coordinates":[13.40962,52.52399]}},{"type":"Feature","id":89,"properties":{"k":"resto"},"geometry":{"type":"Point","coordinates":[13.41029,52.52809]}},{"type":"Feature","id":90,"properties":{"k":"resto"},"geometry":{"type":"Point","coordinates":[13.41,52.52875]}},{"type":"Feature","id":91,"properties":{"k":"resto"},"geometry":{"type":"Point","coordinates":[13.41105,52.52588]}},{"type":"Feature","id":92,"properties":{"k":"resto"},"geometry":{"type":"Point","coordinates":[13.41465,52.52711]}},{"type":"Feature","id":93,"properties":{"k":"resto"},"geometry":{"type":"Point","coordinates":[13.41236,52.52746]}},{"type":"Feature","id":94,"properties":{"k":"resto"},"geometry":{"type":"Point","coordinates":[13.41,52.52396]}},{"type":"Feature","id":95,"properties":{"k":"resto"},"geometry":{"type":"Point","coordinates":[13.41612,52.53193]}},{"type":"Feature","id":96,"properties":{"k":"resto"},"geometry":{"type":"Point","coordinates":[13.42282,52.53119]}},{"type":"Feature","id":97,"properties":{"k":"resto"},"geometry":{"type":"Point","coordinates":[13.42495,52.52816]}},{"type":"Feature","id":98,"properties":{"k":"resto"},"geometry":{"type":"Point","coordinates":[13.43415,52.52957]}},{"type":"Feature","id":99,"properties":{"k":"resto"},"geometry":{"type":"Point","coordinates":[13.43357,52.53121]}},{"type":"Feature","id":100,"properties":{"k":"resto"},"geometry":{"type":"Point","coordinates":[13.43437,52.53086]}},{"type":"Feature","id":101,"properties":{"k":"resto"},"geometry":{"type":"Point","coordinates":[13.43445,52.53082]}},{"type":"Feature","id":102,"properties":{"k":"resto"},"geometry":{"type":"Point","coordinates":[13.4345,52.53194]}},{"type":"Feature","id":103,"properties":{"k":"resto"},"geometry":{"type":"Point","coordinates":[13.43396,52.53152]}},{"type":"Feature","id":104,"properties":{"k":"resto"},"geometry":{"type":"Point","coordinates":[13.41175,52.53092]}},{"type":"Feature","id":105,"properties":{"k":"resto"},"geometry":{"type":"Point","coordinates":[13.44774,52.52651]}},{"type":"Feature","id":106,"properties":{"k":"resto"},"geometry":{"type":"Point","coordinates":[13.41906,52.51835]}},{"type":"Feature","id":107,"properties":{"k":"resto"},"geometry":{"type":"Point","coordinates":[13.44059,52.51722]}},{"type":"Feature","id":108,"properties":{"k":"resto"},"geometry":{"type":"Point","coordinates":[13.44806,52.52171]}},{"type":"Feature","id":109,"properties":{"k":"resto"},"geometry":{"type":"Point","coordinates":[13.4367,52.51129]}},{"type":"Feature","id":110,"properties":{"k":"resto"},"geometry":{"type":"Point","coordinates":[13.3979,52.49073]}},{"type":"Feature","id":111,"properties":{"k":"resto"},"geometry":{"type":"Point","coordinates":[13.39642,52.49132]}},{"type":"Feature","id":112,"properties":{"k":"resto"},"geometry":{"type":"Point","coordinates":[13.41105,52.50406]}},{"type":"Feature","id":113,"properties":{"k":"resto"},"geometry":{"type":"Point","coordinates":[13.38248,52.49378]}},{"type":"Feature","id":114,"properties":{"k":"resto"},"geometry":{"type":"Point","coordinates":[13.3987,52.50326]}},{"type":"Feature","id":115,"properties":{"k":"resto"},"geometry":{"type":"Point","coordinates":[13.44954,52.51055]}},{"type":"Feature","id":116,"properties":{"k":"resto"},"geometry":{"type":"Point","coordinates":[13.45013,52.49652]}},{"type":"Feature","id":117,"properties":{"k":"resto"},"geometry":{"type":"Point","coordinates":[13.44216,52.50097]}},{"type":"Feature","id":118,"properties":{"k":"resto"},"geometry":{"type":"Point","coordinates":[13.44392,52.50083]}},{"type":"Feature","id":119,"properties":{"k":"resto"},"geometry":{"type":"Point","coordinates":[13.44164,52.50124]}},{"type":"Feature","id":120,"properties":{"k":"resto"},"geometry":{"type":"Point","coordinates":[13.44106,52.50083]}},{"type":"Feature","id":121,"properties":{"k":"resto"},"geometry":{"type":"Point","coordinates":[13.4411,52.50005]}},{"type":"Feature","id":122,"properties":{"k":"resto"},"geometry":{"type":"Point","coordinates":[13.44136,52.50031]}},{"type":"Feature","id":123,"properties":{"k":"resto"},"geometry":{"type":"Point","coordinates":[13.43632,52.49827]}},{"type":"Feature","id":124,"properties":{"k":"resto"},"geometry":{"type":"Point","coordinates":[13.44086,52.49708]}},{"type":"Feature","id":125,"properties":{"k":"resto"},"geometry":{"type":"Point","coordinates":[13.43115,52.49922]}},{"type":"Feature","id":126,"properties":{"k":"resto"},"geometry":{"type":"Point","coordinates":[13.41375,52.49796]}},{"type":"Feature","id":127,"properties":{"k":"resto"},"geometry":{"type":"Point","coordinates":[13.41419,52.49783]}},{"type":"Feature","id":128,"properties":{"k":"resto"},"geometry":{"type":"Point","coordinates":[13.40658,52.49834]}},{"type":"Feature","id":129,"properties":{"k":"resto"},"geometry":{"type":"Point","coordinates":[13.42306,52.49219]}},{"type":"Feature","id":130,"properties":{"k":"resto"},"geometry":{"type":"Point","coordinates":[13.42359,52.49224]}},{"type":"Feature","id":131,"properties":{"k":"resto"},"geometry":{"type":"Point","coordinates":[13.42399,52.49228]}},{"type":"Feature","id":132,"properties":{"k":"resto"},"geometry":{"type":"Point","coordinates":[13.42509,52.49238]}},{"type":"Feature","id":133,"properties":{"k":"resto"},"geometry":{"type":"Point","coordinates":[13.42144,52.49411]}},{"type":"Feature","id":134,"properties":{"k":"resto"},"geometry":{"type":"Point","coordinates":[13.42463,52.48999]}},{"type":"Feature","id":135,"properties":{"k":"resto"},"geometry":{"type":"Point","coordinates":[13.42635,52.49015]}},{"type":"Feature","id":136,"properties":{"k":"resto"},"geometry":{"type":"Point","coordinates":[13.42413,52.50182]}},{"type":"Feature","id":137,"properties":{"k":"resto"},"geometry":{"type":"Point","coordinates":[13.41928,52.50128]}},{"type":"Feature","id":138,"properties":{"k":"resto"},"geometry":{"type":"Point","coordinates":[13.4282,52.49342]}},{"type":"Feature","id":139,"properties":{"k":"resto"},"geometry":{"type":"Point","coordinates":[13.40482,52.52016]}},{"type":"Feature","id":140,"properties":{"k":"resto"},"geometry":{"type":"Point","coordinates":[13.42688,52.5117]}},{"type":"Feature","id":141,"properties":{"k":"resto"},"geometry":{"type":"Point","coordinates":[13.41568,52.52718]}},{"type":"Feature","id":142,"properties":{"k":"resto"},"geometry":{"type":"Point","coordinates":[13.4102,52.52265]}},{"type":"Feature","id":143,"properties":{"k":"resto"},"geometry":{"type":"Point","coordinates":[13.40499,52.52001]}},{"type":"Feature","id":144,"properties":{"k":"resto"},"geometry":{"type":"Point","coordinates":[13.40164,52.52009]}},{"type":"Feature","id":145,"properties":{"k":"resto"},"geometry":{"type":"Point","coordinates":[13.4036,52.52082]}},{"type":"Feature","id":146,"properties":{"k":"resto"},"geometry":{"type":"Point","coordinates":[13.42213,52.49081]}},{"type":"Feature","id":147,"properties":{"k":"resto"},"geometry":{"type":"Point","coordinates":[13.41187,52.50096]}},{"type":"Feature","id":148,"properties":{"k":"resto"},"geometry":{"type":"Point","coordinates":[13.41354,52.50048]}},{"type":"Feature","id":149,"properties":{"k":"resto"},"geometry":{"type":"Point","coordinates":[13.41687,52.5011]}},{"type":"Feature","id":150,"properties":{"k":"resto"},"geometry":{"type":"Point","coordinates":[13.41664,52.5014]}},{"type":"Feature","id":151,"properties":{"k":"resto"},"geometry":{"type":"Point","coordinates":[13.41633,52.50171]}},{"type":"Feature","id":152,"properties":{"k":"resto"},"geometry":{"type":"Point","coordinates":[13.44187,52.50601]}},{"type":"Feature","id":153,"properties":{"k":"resto"},"geometry":{"type":"Point","coordinates":[13.44229,52.50123]}},{"type":"Feature","id":154,"properties":{"k":"resto"},"geometry":{"type":"Point","coordinates":[13.38714,52.52637]}},{"type":"Feature","id":155,"properties":{"k":"resto"},"geometry":{"type":"Point","coordinates":[13.39254,52.52434]}},{"type":"Feature","id":156,"properties":{"k":"resto"},"geometry":{"type":"Point","coordinates":[13.38699,52.52746]}},{"type":"Feature","id":157,"properties":{"k":"resto"},"geometry":{"type":"Point","coordinates":[13.44865,52.52859]}},{"type":"Feature","id":158,"properties":{"k":"resto"},"geometry":{"type":"Point","coordinates":[13.44918,52.52879]}},{"type":"Feature","id":159,"properties":{"k":"resto"},"geometry":{"type":"Point","coordinates":[13.42351,52.50012]}},{"type":"Feature","id":160,"properties":{"k":"resto"},"geometry":{"type":"Point","coordinates":[13.42327,52.50054]}},{"type":"Feature","id":161,"properties":{"k":"resto"},"geometry":{"type":"Point","coordinates":[13.40316,52.52472]}},{"type":"Feature","id":162,"properties":{"k":"resto"},"geometry":{"type":"Point","coordinates":[13.4094,52.52871]}},{"type":"Feature","id":163,"properties":{"k":"resto"},"geometry":{"type":"Point","coordinates":[13.38226,52.48995]}},{"type":"Feature","id":164,"properties":{"k":"resto"},"geometry":{"type":"Point","coordinates":[13.38517,52.49849]}},{"type":"Feature","id":165,"properties":{"k":"resto"},"geometry":{"type":"Point","coordinates":[13.42866,52.49389]}},{"type":"Feature","id":166,"properties":{"k":"resto"},"geometry":{"type":"Point","coordinates":[13.38739,52.5102]}},{"type":"Feature","id":167,"properties":{"k":"resto"},"geometry":{"type":"Point","coordinates":[13.40204,52.53068]}},{"type":"Feature","id":168,"properties":{"k":"resto"},"geometry":{"type":"Point","coordinates":[13.4021,52.53076]}},{"type":"Feature","id":169,"properties":{"k":"resto"},"geometry":{"type":"Point","coordinates":[13.408,52.50627]}},{"type":"Feature","id":170,"properties":{"k":"resto"},"geometry":{"type":"Point","coordinates":[13.41768,52.51353]}},{"type":"Feature","id":171,"properties":{"k":"resto"},"geometry":{"type":"Point","coordinates":[13.41777,52.51381]}},{"type":"Feature","id":172,"properties":{"k":"resto"},"geometry":{"type":"Point","coordinates":[13.4119,52.52403]}},{"type":"Feature","id":173,"properties":{"k":"resto"},"geometry":{"type":"Point","coordinates":[13.43882,52.49987]}},{"type":"Feature","id":174,"properties":{"k":"resto"},"geometry":{"type":"Point","coordinates":[13.43925,52.49969]}},{"type":"Feature","id":175,"properties":{"k":"resto"},"geometry":{"type":"Point","coordinates":[13.43974,52.49949]}},{"type":"Feature","id":176,"properties":{"k":"resto"},"geometry":{"type":"Point","coordinates":[13.4399,52.49942]}},{"type":"Feature","id":177,"properties":{"k":"resto"},"geometry":{"type":"Point","coordinates":[13.41503,52.52088]}},{"type":"Feature","id":178,"properties":{"k":"resto"},"geometry":{"type":"Point","coordinates":[13.41774,52.52347]}},{"type":"Feature","id":179,"properties":{"k":"resto"},"geometry":{"type":"Point","coordinates":[13.41763,52.49692]}},{"type":"Feature","id":180,"properties":{"k":"resto"},"geometry":{"type":"Point","coordinates":[13.41631,52.49726]}},{"type":"Feature","id":181,"properties":{"k":"resto"},"geometry":{"type":"Point","coordinates":[13.41652,52.49721]}},{"type":"Feature","id":182,"properties":{"k":"resto"},"geometry":{"type":"Point","coordinates":[13.38853,52.51871]}},{"type":"Feature","id":183,"properties":{"k":"resto"},"geometry":{"type":"Point","coordinates":[13.39167,52.51147]}},{"type":"Feature","id":184,"properties":{"k":"resto"},"geometry":{"type":"Point","coordinates":[13.39166,52.51151]}},{"type":"Feature","id":185,"properties":{"k":"resto"},"geometry":{"type":"Point","coordinates":[13.39108,52.51488]}},{"type":"Feature","id":186,"properties":{"k":"resto"},"geometry":{"type":"Point","coordinates":[13.39624,52.51321]}},{"type":"Feature","id":187,"properties":{"k":"resto"},"geometry":{"type":"Point","coordinates":[13.4439,52.50007]}},{"type":"Feature","id":188,"properties":{"k":"resto"},"geometry":{"type":"Point","coordinates":[13.44337,52.50035]}},{"type":"Feature","id":189,"properties":{"k":"resto"},"geometry":{"type":"Point","coordinates":[13.40099,52.51834]}},{"type":"Feature","id":190,"properties":{"k":"resto"},"geometry":{"type":"Point","coordinates":[13.41355,52.5264]}},{"type":"Feature","id":191,"properties":{"k":"resto"},"geometry":{"type":"Point","coordinates":[13.38312,52.4899]}},{"type":"Feature","id":192,"properties":{"k":"resto"},"geometry":{"type":"Point","coordinates":[13.39146,52.50093]}},{"type":"Feature","id":193,"properties":{"k":"resto"},"geometry":{"type":"Point","coordinates":[13.40529,52.52467]}},{"type":"Feature","id":194,"properties":{"k":"resto"},"geometry":{"type":"Point","coordinates":[13.40865,52.52229]}},{"type":"Feature","id":195,"properties":{"k":"resto"},"geometry":{"type":"Point","coordinates":[13.40733,52.51556]}},{"type":"Feature","id":196,"properties":{"k":"resto"},"geometry":{"type":"Point","coordinates":[13.40015,52.52269]}},{"type":"Feature","id":197,"properties":{"k":"resto"},"geometry":{"type":"Point","coordinates":[13.41786,52.50402]}},{"type":"Feature","id":198,"properties":{"k":"resto"},"geometry":{"type":"Point","coordinates":[13.44877,52.51708]}},{"type":"Feature","id":199,"properties":{"k":"resto"},"geometry":{"type":"Point","coordinates":[13.44347,52.51775]}},{"type":"Feature","id":200,"properties":{"k":"resto"},"geometry":{"type":"Point","coordinates":[13.38074,52.51662]}},{"type":"Feature","id":201,"properties":{"k":"resto"},"geometry":{"type":"Point","coordinates":[13.38086,52.51635]}},{"type":"Feature","id":202,"properties":{"k":"resto"},"geometry":{"type":"Point","coordinates":[13.40079,52.52961]}},{"type":"Feature","id":203,"properties":{"k":"resto"},"geometry":{"type":"Point","coordinates":[13.40134,52.52961]}},{"type":"Feature","id":204,"properties":{"k":"resto"},"geometry":{"type":"Point","coordinates":[13.39007,52.50812]}},{"type":"Feature","id":205,"properties":{"k":"resto"},"geometry":{"type":"Point","coordinates":[13.39212,52.5087]}},{"type":"Feature","id":206,"properties":{"k":"resto"},"geometry":{"type":"Point","coordinates":[13.38826,52.51982]}},{"type":"Feature","id":207,"properties":{"k":"resto"},"geometry":{"type":"Point","coordinates":[13.41668,52.49956]}},{"type":"Feature","id":208,"properties":{"k":"resto"},"geometry":{"type":"Point","coordinates":[13.41857,52.50028]}},{"type":"Feature","id":209,"properties":{"k":"resto"},"geometry":{"type":"Point","coordinates":[13.44075,52.50076]}},{"type":"Feature","id":210,"properties":{"k":"resto"},"geometry":{"type":"Point","coordinates":[13.38759,52.49252]}},{"type":"Feature","id":211,"properties":{"k":"resto"},"geometry":{"type":"Point","coordinates":[13.40929,52.5222]}},{"type":"Feature","id":212,"properties":{"k":"resto"},"geometry":{"type":"Point","coordinates":[13.41774,52.52905]}},{"type":"Feature","id":213,"properties":{"k":"resto"},"geometry":{"type":"Point","coordinates":[13.38084,52.49725]}},{"type":"Feature","id":214,"properties":{"k":"resto"},"geometry":{"type":"Point","coordinates":[13.40966,52.52257]}},{"type":"Feature","id":215,"properties":{"k":"resto"},"geometry":{"type":"Point","coordinates":[13.39035,52.51216]}},{"type":"Feature","id":216,"properties":{"k":"resto"},"geometry":{"type":"Point","coordinates":[13.39006,52.51214]}},{"type":"Feature","id":217,"properties":{"k":"resto"},"geometry":{"type":"Point","coordinates":[13.41144,52.51281]}},{"type":"Feature","id":218,"properties":{"k":"resto"},"geometry":{"type":"Point","coordinates":[13.40452,52.52196]}},{"type":"Feature","id":219,"properties":{"k":"resto"},"geometry":{"type":"Point","coordinates":[13.40427,52.52184]}},{"type":"Feature","id":220,"properties":{"k":"resto"},"geometry":{"type":"Point","coordinates":[13.41851,52.50019]}},{"type":"Feature","id":221,"properties":{"k":"resto"},"geometry":{"type":"Point","coordinates":[13.39797,52.51091]}},{"type":"Feature","id":222,"properties":{"k":"resto"},"geometry":{"type":"Point","coordinates":[13.44795,52.51949]}},{"type":"Feature","id":223,"properties":{"k":"resto"},"geometry":{"type":"Point","coordinates":[13.40892,52.51333]}},{"type":"Feature","id":224,"properties":{"k":"resto"},"geometry":{"type":"Point","coordinates":[13.38137,52.50672]}},{"type":"Feature","id":225,"properties":{"k":"resto"},"geometry":{"type":"Point","coordinates":[13.41318,52.51172]}},{"type":"Feature","id":226,"properties":{"k":"resto"},"geometry":{"type":"Point","coordinates":[13.4137,52.5114]}},{"type":"Feature","id":227,"properties":{"k":"resto"},"geometry":{"type":"Point","coordinates":[13.41769,52.49296]}},{"type":"Feature","id":228,"properties":{"k":"resto"},"geometry":{"type":"Point","coordinates":[13.43793,52.51153]}},{"type":"Feature","id":229,"properties":{"k":"resto"},"geometry":{"type":"Point","coordinates":[13.38723,52.52381]}},{"type":"Feature","id":230,"properties":{"k":"resto"},"geometry":{"type":"Point","coordinates":[13.38828,52.49395]}},{"type":"Feature","id":231,"properties":{"k":"resto"},"geometry":{"type":"Point","coordinates":[13.42149,52.49273]}},{"type":"Feature","id":232,"properties":{"k":"resto"},"geometry":{"type":"Point","coordinates":[13.4212,52.49231]}},{"type":"Feature","id":233,"properties":{"k":"resto"},"geometry":{"type":"Point","coordinates":[13.41892,52.49453]}},{"type":"Feature","id":234,"properties":{"k":"resto"},"geometry":{"type":"Point","coordinates":[13.41938,52.49511]}},{"type":"Feature","id":235,"properties":{"k":"resto"},"geometry":{"type":"Point","coordinates":[13.4196,52.49539]}},{"type":"Feature","id":236,"properties":{"k":"resto"},"geometry":{"type":"Point","coordinates":[13.38583,52.50689]}},{"type":"Feature","id":237,"properties":{"k":"resto"},"geometry":{"type":"Point","coordinates":[13.42591,52.49945]}},{"type":"Feature","id":238,"properties":{"k":"resto"},"geometry":{"type":"Point","coordinates":[13.42683,52.49912]}},{"type":"Feature","id":239,"properties":{"k":"resto"},"geometry":{"type":"Point","coordinates":[13.42637,52.49877]}},{"type":"Feature","id":240,"properties":{"k":"resto"},"geometry":{"type":"Point","coordinates":[13.43167,52.49748]}},{"type":"Feature","id":241,"properties":{"k":"resto"},"geometry":{"type":"Point","coordinates":[13.38691,52.49293]}},{"type":"Feature","id":242,"properties":{"k":"resto"},"geometry":{"type":"Point","coordinates":[13.42395,52.52096]}},{"type":"Feature","id":243,"properties":{"k":"resto"},"geometry":{"type":"Point","coordinates":[13.42386,52.52033]}},{"type":"Feature","id":244,"properties":{"k":"resto"},"geometry":{"type":"Point","coordinates":[13.38667,52.50099]}},{"type":"Feature","id":245,"properties":{"k":"resto"},"geometry":{"type":"Point","coordinates":[13.44759,52.531]}},{"type":"Feature","id":246,"properties":{"k":"resto"},"geometry":{"type":"Point","coordinates":[13.44757,52.52623]}},{"type":"Feature","id":247,"properties":{"k":"resto"},"geometry":{"type":"Point","coordinates":[13.42205,52.49297]}},{"type":"Feature","id":248,"properties":{"k":"resto"},"geometry":{"type":"Point","coordinates":[13.39381,52.52853]}},{"type":"Feature","id":249,"properties":{"k":"resto"},"geometry":{"type":"Point","coordinates":[13.39419,52.52835]}},{"type":"Feature","id":250,"properties":{"k":"resto"},"geometry":{"type":"Point","coordinates":[13.39491,52.52803]}},{"type":"Feature","id":251,"properties":{"k":"resto"},"geometry":{"type":"Point","coordinates":[13.42573,52.49244]}},{"type":"Feature","id":252,"properties":{"k":"resto"},"geometry":{"type":"Point","coordinates":[13.42549,52.49328]}},{"type":"Feature","id":253,"properties":{"k":"resto"},"geometry":{"type":"Point","coordinates":[13.41103,52.51325]}},{"type":"Feature","id":254,"properties":{"k":"resto"},"geometry":{"type":"Point","coordinates":[13.38788,52.52252]}},{"type":"Feature","id":255,"properties":{"k":"resto"},"geometry":{"type":"Point","coordinates":[13.3878,52.5234]}},{"type":"Feature","id":256,"properties":{"k":"resto"},"geometry":{"type":"Point","coordinates":[13.4335,52.49235]}},{"type":"Feature","id":257,"properties":{"k":"resto"},"geometry":{"type":"Point","coordinates":[13.38455,52.52338]}},{"type":"Feature","id":258,"properties":{"k":"resto"},"geometry":{"type":"Point","coordinates":[13.41097,52.52679]}},{"type":"Feature","id":259,"properties":{"k":"resto"},"geometry":{"type":"Point","coordinates":[13.4307,52.50996]}},{"type":"Feature","id":260,"properties":{"k":"resto"},"geometry":{"type":"Point","coordinates":[13.41696,52.50257]}},{"type":"Feature","id":261,"properties":{"k":"resto"},"geometry":{"type":"Point","coordinates":[13.43067,52.49787]}},{"type":"Feature","id":262,"properties":{"k":"resto"},"geometry":{"type":"Point","coordinates":[13.39303,52.51589]}},{"type":"Feature","id":263,"properties":{"k":"resto"},"geometry":{"type":"Point","coordinates":[13.43737,52.51082]}},{"type":"Feature","id":264,"properties":{"k":"resto"},"geometry":{"type":"Point","coordinates":[13.39728,52.52867]}},{"type":"Feature","id":265,"properties":{"k":"resto"},"geometry":{"type":"Point","coordinates":[13.39764,52.52876]}},{"type":"Feature","id":266,"properties":{"k":"resto"},"geometry":{"type":"Point","coordinates":[13.41861,52.51611]}},{"type":"Feature","id":267,"properties":{"k":"resto"},"geometry":{"type":"Point","coordinates":[13.39033,52.50769]}},{"type":"Feature","id":268,"properties":{"k":"resto"},"geometry":{"type":"Point","coordinates":[13.3904,52.50731]}},{"type":"Feature","id":269,"properties":{"k":"resto"},"geometry":{"type":"Point","coordinates":[13.43178,52.50584]}},{"type":"Feature","id":270,"properties":{"k":"resto"},"geometry":{"type":"Point","coordinates":[13.42008,52.50107]}},{"type":"Feature","id":271,"properties":{"k":"resto"},"geometry":{"type":"Point","coordinates":[13.42046,52.50096]}},{"type":"Feature","id":272,"properties":{"k":"resto"},"geometry":{"type":"Point","coordinates":[13.42055,52.50094]}},{"type":"Feature","id":273,"properties":{"k":"resto"},"geometry":{"type":"Point","coordinates":[13.42106,52.5008]}},{"type":"Feature","id":274,"properties":{"k":"resto"},"geometry":{"type":"Point","coordinates":[13.41998,52.50225]}},{"type":"Feature","id":275,"properties":{"k":"resto"},"geometry":{"type":"Point","coordinates":[13.42226,52.5028]}},{"type":"Feature","id":276,"properties":{"k":"resto"},"geometry":{"type":"Point","coordinates":[13.42387,52.50235]}},{"type":"Feature","id":277,"properties":{"k":"resto"},"geometry":{"type":"Point","coordinates":[13.4192,52.49643]}},{"type":"Feature","id":278,"properties":{"k":"resto"},"geometry":{"type":"Point","coordinates":[13.38702,52.49135]}},{"type":"Feature","id":279,"properties":{"k":"resto"},"geometry":{"type":"Point","coordinates":[13.39614,52.51975]}},{"type":"Feature","id":280,"properties":{"k":"resto"},"geometry":{"type":"Point","coordinates":[13.39476,52.52079]}},{"type":"Feature","id":281,"properties":{"k":"resto"},"geometry":{"type":"Point","coordinates":[13.39756,52.52943]}},{"type":"Feature","id":282,"properties":{"k":"resto"},"geometry":{"type":"Point","coordinates":[13.4036,52.52555]}},{"type":"Feature","id":283,"properties":{"k":"resto"},"geometry":{"type":"Point","coordinates":[13.4187,52.49916]}},{"type":"Feature","id":284,"properties":{"k":"resto"},"geometry":{"type":"Point","coordinates":[13.43225,52.51734]}},{"type":"Feature","id":285,"properties":{"k":"resto"},"geometry":{"type":"Point","coordinates":[13.43156,52.49682]}},{"type":"Feature","id":286,"properties":{"k":"resto"},"geometry":{"type":"Point","coordinates":[13.43792,52.49331]}},{"type":"Feature","id":287,"properties":{"k":"resto"},"geometry":{"type":"Point","coordinates":[13.43828,52.4932]}},{"type":"Feature","id":288,"properties":{"k":"resto"},"geometry":{"type":"Point","coordinates":[13.4105,52.53007]}},{"type":"Feature","id":289,"properties":{"k":"resto"},"geometry":{"type":"Point","coordinates":[13.41029,52.52983]}},{"type":"Feature","id":290,"properties":{"k":"resto"},"geometry":{"type":"Point","coordinates":[13.38307,52.53057]}},{"type":"Feature","id":291,"properties":{"k":"resto"},"geometry":{"type":"Point","coordinates":[13.38301,52.53062]}},{"type":"Feature","id":292,"properties":{"k":"resto"},"geometry":{"type":"Point","coordinates":[13.40971,52.5291]}},{"type":"Feature","id":293,"properties":{"k":"resto"},"geometry":{"type":"Point","coordinates":[13.38341,52.51146]}},{"type":"Feature","id":294,"properties":{"k":"resto"},"geometry":{"type":"Point","coordinates":[13.41252,52.53203]}},{"type":"Feature","id":295,"properties":{"k":"resto"},"geometry":{"type":"Point","coordinates":[13.4025,52.52898]}},{"type":"Feature","id":296,"properties":{"k":"resto"},"geometry":{"type":"Point","coordinates":[13.40188,52.52896]}},{"type":"Feature","id":297,"properties":{"k":"resto"},"geometry":{"type":"Point","coordinates":[13.42868,52.49603]}},{"type":"Feature","id":298,"properties":{"k":"resto"},"geometry":{"type":"Point","coordinates":[13.41223,52.52061]}},{"type":"Feature","id":299,"properties":{"k":"resto"},"geometry":{"type":"Point","coordinates":[13.40258,52.52356]}},{"type":"Feature","id":300,"properties":{"k":"resto"},"geometry":{"type":"Point","coordinates":[13.40283,52.52417]}},{"type":"Feature","id":301,"properties":{"k":"resto"},"geometry":{"type":"Point","coordinates":[13.40184,52.52365]}},{"type":"Feature","id":302,"properties":{"k":"resto"},"geometry":{"type":"Point","coordinates":[13.41532,52.5176]}},{"type":"Feature","id":303,"properties":{"k":"resto"},"geometry":{"type":"Point","coordinates":[13.41231,52.52336]}},{"type":"Feature","id":304,"properties":{"k":"resto"},"geometry":{"type":"Point","coordinates":[13.42945,52.51934]}},{"type":"Feature","id":305,"properties":{"k":"resto"},"geometry":{"type":"Point","coordinates":[13.3896,52.51215]}},{"type":"Feature","id":306,"properties":{"k":"resto"},"geometry":{"type":"Point","coordinates":[13.40196,52.52292]}},{"type":"Feature","id":307,"properties":{"k":"resto"},"geometry":{"type":"Point","coordinates":[13.41439,52.4943]}},{"type":"Feature","id":308,"properties":{"k":"resto"},"geometry":{"type":"Point","coordinates":[13.39519,52.52441]}},{"type":"Feature","id":309,"properties":{"k":"resto"},"geometry":{"type":"Point","coordinates":[13.4073,52.5051]}},{"type":"Feature","id":310,"properties":{"k":"resto"},"geometry":{"type":"Point","coordinates":[13.41865,52.51355]}},{"type":"Feature","id":311,"properties":{"k":"resto"},"geometry":{"type":"Point","coordinates":[13.39217,52.50047]}},{"type":"Feature","id":312,"properties":{"k":"resto"},"geometry":{"type":"Point","coordinates":[13.39292,52.50518]}},{"type":"Feature","id":313,"properties":{"k":"resto"},"geometry":{"type":"Point","coordinates":[13.39317,52.50619]}},{"type":"Feature","id":314,"properties":{"k":"resto"},"geometry":{"type":"Point","coordinates":[13.384,52.49349]}},{"type":"Feature","id":315,"properties":{"k":"resto"},"geometry":{"type":"Point","coordinates":[13.40923,52.50175]}},{"type":"Feature","id":316,"properties":{"k":"resto"},"geometry":{"type":"Point","coordinates":[13.4249,52.50207]}},{"type":"Feature","id":317,"properties":{"k":"resto"},"geometry":{"type":"Point","coordinates":[13.43002,52.5035]}},{"type":"Feature","id":318,"properties":{"k":"resto"},"geometry":{"type":"Point","coordinates":[13.40108,52.51825]}},{"type":"Feature","id":319,"properties":{"k":"resto"},"geometry":{"type":"Point","coordinates":[13.41449,52.5158]}},{"type":"Feature","id":320,"properties":{"k":"resto"},"geometry":{"type":"Point","coordinates":[13.40195,52.52526]}},{"type":"Feature","id":321,"properties":{"k":"resto"},"geometry":{"type":"Point","coordinates":[13.40657,52.51882]}},{"type":"Feature","id":322,"properties":{"k":"resto"},"geometry":{"type":"Point","coordinates":[13.41657,52.50204]}},{"type":"Feature","id":323,"properties":{"k":"resto"},"geometry":{"type":"Point","coordinates":[13.4072,52.52342]}},{"type":"Feature","id":324,"properties":{"k":"resto"},"geometry":{"type":"Point","coordinates":[13.41717,52.51244]}},{"type":"Feature","id":325,"properties":{"k":"resto"},"geometry":{"type":"Point","coordinates":[13.43033,52.50189]}},{"type":"Feature","id":326,"properties":{"k":"resto"},"geometry":{"type":"Point","coordinates":[13.41742,52.49546]}},{"type":"Feature","id":327,"properties":{"k":"resto"},"geometry":{"type":"Point","coordinates":[13.39676,52.51524]}},{"type":"Feature","id":328,"properties":{"k":"resto"},"geometry":{"type":"Point","coordinates":[13.39275,52.50784]}},{"type":"Feature","id":329,"properties":{"k":"resto"},"geometry":{"type":"Point","coordinates":[13.39303,52.50785]}},{"type":"Feature","id":330,"properties":{"k":"resto"},"geometry":{"type":"Point","coordinates":[13.39366,52.50789]}},{"type":"Feature","id":331,"properties":{"k":"resto"},"geometry":{"type":"Point","coordinates":[13.41513,52.52098]}},{"type":"Feature","id":332,"properties":{"k":"resto"},"geometry":{"type":"Point","coordinates":[13.42057,52.49702]}},{"type":"Feature","id":333,"properties":{"k":"resto"},"geometry":{"type":"Point","coordinates":[13.42264,52.50036]}},{"type":"Feature","id":334,"properties":{"k":"resto"},"geometry":{"type":"Point","coordinates":[13.42285,52.49991]}},{"type":"Feature","id":335,"properties":{"k":"resto"},"geometry":{"type":"Point","coordinates":[13.3899,52.51036]}},{"type":"Feature","id":336,"properties":{"k":"resto"},"geometry":{"type":"Point","coordinates":[13.38859,52.509]}},{"type":"Feature","id":337,"properties":{"k":"resto"},"geometry":{"type":"Point","coordinates":[13.39447,52.49171]}},{"type":"Feature","id":338,"properties":{"k":"resto"},"geometry":{"type":"Point","coordinates":[13.40045,52.49051]}},{"type":"Feature","id":339,"properties":{"k":"resto"},"geometry":{"type":"Point","coordinates":[13.39425,52.4909]}},{"type":"Feature","id":340,"properties":{"k":"resto"},"geometry":{"type":"Point","coordinates":[13.39408,52.49033]}},{"type":"Feature","id":341,"properties":{"k":"resto"},"geometry":{"type":"Point","coordinates":[13.3959,52.49682]}},{"type":"Feature","id":342,"properties":{"k":"resto"},"geometry":{"type":"Point","coordinates":[13.39536,52.50313]}},{"type":"Feature","id":343,"properties":{"k":"resto"},"geometry":{"type":"Point","coordinates":[13.4204,52.50547]}},{"type":"Feature","id":344,"properties":{"k":"resto"},"geometry":{"type":"Point","coordinates":[13.42504,52.49447]}},{"type":"Feature","id":345,"properties":{"k":"resto"},"geometry":{"type":"Point","coordinates":[13.40658,52.50913]}},{"type":"Feature","id":346,"properties":{"k":"resto"},"geometry":{"type":"Point","coordinates":[13.39159,52.52354]}},{"type":"Feature","id":347,"properties":{"k":"resto"},"geometry":{"type":"Point","coordinates":[13.41026,52.52172]}},{"type":"Feature","id":348,"properties":{"k":"resto"},"geometry":{"type":"Point","coordinates":[13.39572,52.529]}},{"type":"Feature","id":349,"properties":{"k":"resto"},"geometry":{"type":"Point","coordinates":[13.38089,52.50981]}},{"type":"Feature","id":350,"properties":{"k":"resto"},"geometry":{"type":"Point","coordinates":[13.42888,52.49743]}},{"type":"Feature","id":351,"properties":{"k":"resto"},"geometry":{"type":"Point","coordinates":[13.42933,52.49788]}},{"type":"Feature","id":352,"properties":{"k":"resto"},"geometry":{"type":"Point","coordinates":[13.42963,52.49818]}},{"type":"Feature","id":353,"properties":{"k":"resto"},"geometry":{"type":"Point","coordinates":[13.42802,52.49268]}},{"type":"Feature","id":354,"properties":{"k":"resto"},"geometry":{"type":"Point","coordinates":[13.42801,52.49258]}},{"type":"Feature","id":355,"properties":{"k":"resto"},"geometry":{"type":"Point","coordinates":[13.42793,52.49195]}},{"type":"Feature","id":356,"properties":{"k":"resto"},"geometry":{"type":"Point","coordinates":[13.4261,52.49107]}},{"type":"Feature","id":357,"properties":{"k":"resto"},"geometry":{"type":"Point","coordinates":[13.40845,52.5165]}},{"type":"Feature","id":358,"properties":{"k":"resto"},"geometry":{"type":"Point","coordinates":[13.40831,52.51748]}},{"type":"Feature","id":359,"properties":{"k":"resto"},"geometry":{"type":"Point","coordinates":[13.40229,52.52368]}},{"type":"Feature","id":360,"properties":{"k":"resto"},"geometry":{"type":"Point","coordinates":[13.4015,52.4903]}},{"type":"Feature","id":361,"properties":{"k":"resto"},"geometry":{"type":"Point","coordinates":[13.40469,52.52759]}},{"type":"Feature","id":362,"properties":{"k":"resto"},"geometry":{"type":"Point","coordinates":[13.39439,52.49143]}},{"type":"Feature","id":363,"properties":{"k":"resto"},"geometry":{"type":"Point","coordinates":[13.41576,52.49113]}},{"type":"Feature","id":364,"properties":{"k":"resto"},"geometry":{"type":"Point","coordinates":[13.41363,52.49165]}},{"type":"Feature","id":365,"properties":{"k":"resto"},"geometry":{"type":"Point","coordinates":[13.38409,52.51246]}},{"type":"Feature","id":366,"properties":{"k":"resto"},"geometry":{"type":"Point","coordinates":[13.4115,52.49123]}},{"type":"Feature","id":367,"properties":{"k":"resto"},"geometry":{"type":"Point","coordinates":[13.41324,52.52369]}},{"type":"Feature","id":368,"properties":{"k":"resto"},"geometry":{"type":"Point","coordinates":[13.41015,52.52966]}},{"type":"Feature","id":369,"properties":{"k":"resto"},"geometry":{"type":"Point","coordinates":[13.3934,52.52347]}},{"type":"Feature","id":370,"properties":{"k":"resto"},"geometry":{"type":"Point","coordinates":[13.39452,52.52097]}},{"type":"Feature","id":371,"properties":{"k":"resto"},"geometry":{"type":"Point","coordinates":[13.38976,52.49237]}},{"type":"Feature","id":372,"properties":{"k":"resto"},"geometry":{"type":"Point","coordinates":[13.3905,52.50671]}},{"type":"Feature","id":373,"properties":{"k":"resto"},"geometry":{"type":"Point","coordinates":[13.40997,52.52859]}},{"type":"Feature","id":374,"properties":{"k":"resto"},"geometry":{"type":"Point","coordinates":[13.41631,52.52345]}},{"type":"Feature","id":375,"properties":{"k":"resto"},"geometry":{"type":"Point","coordinates":[13.38757,52.52386]}},{"type":"Feature","id":376,"properties":{"k":"resto"},"geometry":{"type":"Point","coordinates":[13.44685,52.5176]}},{"type":"Feature","id":377,"properties":{"k":"resto"},"geometry":{"type":"Point","coordinates":[13.42356,52.49053]}},{"type":"Feature","id":378,"properties":{"k":"resto"},"geometry":{"type":"Point","coordinates":[13.42215,52.49298]}},{"type":"Feature","id":379,"properties":{"k":"resto"},"geometry":{"type":"Point","coordinates":[13.44595,52.51602]}},{"type":"Feature","id":380,"properties":{"k":"resto"},"geometry":{"type":"Point","coordinates":[13.41483,52.52283]}},{"type":"Feature","id":381,"properties":{"k":"resto"},"geometry":{"type":"Point","coordinates":[13.43528,52.51239]}},{"type":"Feature","id":382,"properties":{"k":"resto"},"geometry":{"type":"Point","coordinates":[13.4122,52.50309]}},{"type":"Feature","id":383,"properties":{"k":"resto"},"geometry":{"type":"Point","coordinates":[13.42458,52.53006]}},{"type":"Feature","id":384,"properties":{"k":"resto"},"geometry":{"type":"Point","coordinates":[13.43023,52.49953]}},{"type":"Feature","id":385,"properties":{"k":"resto"},"geometry":{"type":"Point","coordinates":[13.43614,52.50096]}},{"type":"Feature","id":386,"properties":{"k":"resto"},"geometry":{"type":"Point","coordinates":[13.42647,52.49501]}},{"type":"Feature","id":387,"properties":{"k":"resto"},"geometry":{"type":"Point","coordinates":[13.42728,52.49583]}},{"type":"Feature","id":388,"properties":{"k":"resto"},"geometry":{"type":"Point","coordinates":[13.42458,52.49724]}},{"type":"Feature","id":389,"properties":{"k":"resto"},"geometry":{"type":"Point","coordinates":[13.38671,52.52406]}},{"type":"Feature","id":390,"properties":{"k":"resto"},"geometry":{"type":"Point","coordinates":[13.43716,52.49764]}},{"type":"Feature","id":391,"properties":{"k":"resto"},"geometry":{"type":"Point","coordinates":[13.39873,52.51985]}},{"type":"Feature","id":392,"properties":{"k":"resto"},"geometry":{"type":"Point","coordinates":[13.39843,52.52035]}},{"type":"Feature","id":393,"properties":{"k":"resto"},"geometry":{"type":"Point","coordinates":[13.40331,52.51929]}},{"type":"Feature","id":394,"properties":{"k":"resto"},"geometry":{"type":"Point","coordinates":[13.40283,52.5191]}},{"type":"Feature","id":395,"properties":{"k":"resto"},"geometry":{"type":"Point","coordinates":[13.39666,52.52645]}},{"type":"Feature","id":396,"properties":{"k":"resto"},"geometry":{"type":"Point","coordinates":[13.42778,52.49881]}},{"type":"Feature","id":397,"properties":{"k":"resto"},"geometry":{"type":"Point","coordinates":[13.42813,52.49869]}},{"type":"Feature","id":398,"properties":{"k":"resto"},"geometry":{"type":"Point","coordinates":[13.42149,52.49815]}},{"type":"Feature","id":399,"properties":{"k":"resto"},"geometry":{"type":"Point","coordinates":[13.43207,52.49933]}},{"type":"Feature","id":400,"properties":{"k":"resto"},"geometry":{"type":"Point","coordinates":[13.3977,52.51457]}},{"type":"Feature","id":401,"properties":{"k":"resto"},"geometry":{"type":"Point","coordinates":[13.41786,52.49921]}},{"type":"Feature","id":402,"properties":{"k":"resto"},"geometry":{"type":"Point","coordinates":[13.39257,52.52739]}},{"type":"Feature","id":403,"properties":{"k":"resto"},"geometry":{"type":"Point","coordinates":[13.39291,52.52749]}},{"type":"Feature","id":404,"properties":{"k":"resto"},"geometry":{"type":"Point","coordinates":[13.38833,52.52889]}},{"type":"Feature","id":405,"properties":{"k":"resto"},"geometry":{"type":"Point","coordinates":[13.38837,52.52885]}},{"type":"Feature","id":406,"properties":{"k":"resto"},"geometry":{"type":"Point","coordinates":[13.38891,52.52797]}},{"type":"Feature","id":407,"properties":{"k":"resto"},"geometry":{"type":"Point","coordinates":[13.38915,52.52755]}},{"type":"Feature","id":408,"properties":{"k":"resto"},"geometry":{"type":"Point","coordinates":[13.38454,52.53096]}},{"type":"Feature","id":409,"properties":{"k":"resto"},"geometry":{"type":"Point","coordinates":[13.38494,52.53107]}},{"type":"Feature","id":410,"properties":{"k":"resto"},"geometry":{"type":"Point","coordinates":[13.38576,52.51695]}},{"type":"Feature","id":411,"properties":{"k":"resto"},"geometry":{"type":"Point","coordinates":[13.38561,52.51784]}},{"type":"Feature","id":412,"properties":{"k":"resto"},"geometry":{"type":"Point","coordinates":[13.3879,52.52245]}},{"type":"Feature","id":413,"properties":{"k":"resto"},"geometry":{"type":"Point","coordinates":[13.40592,52.53109]}},{"type":"Feature","id":414,"properties":{"k":"resto"},"geometry":{"type":"Point","coordinates":[13.44994,52.51107]}},{"type":"Feature","id":415,"properties":{"k":"resto"},"geometry":{"type":"Point","coordinates":[13.38652,52.49326]}},{"type":"Feature","id":416,"properties":{"k":"resto"},"geometry":{"type":"Point","coordinates":[13.38845,52.49262]}},{"type":"Feature","id":417,"properties":{"k":"resto"},"geometry":{"type":"Point","coordinates":[13.38726,52.49003]}},{"type":"Feature","id":418,"properties":{"k":"resto"},"geometry":{"type":"Point","coordinates":[13.41819,52.49934]}},{"type":"Feature","id":419,"properties":{"k":"resto"},"geometry":{"type":"Point","coordinates":[13.44526,52.51609]}},{"type":"Feature","id":420,"properties":{"k":"resto"},"geometry":{"type":"Point","coordinates":[13.39127,52.50201]}},{"type":"Feature","id":421,"properties":{"k":"resto"},"geometry":{"type":"Point","coordinates":[13.42904,52.4906]}},{"type":"Feature","id":422,"properties":{"k":"resto"},"geometry":{"type":"Point","coordinates":[13.42905,52.49088]}},{"type":"Feature","id":423,"properties":{"k":"resto"},"geometry":{"type":"Point","coordinates":[13.39339,52.52593]}},{"type":"Feature","id":424,"properties":{"k":"resto"},"geometry":{"type":"Point","coordinates":[13.39287,52.52499]}},{"type":"Feature","id":425,"properties":{"k":"resto"},"geometry":{"type":"Point","coordinates":[13.42868,52.53153]}},{"type":"Feature","id":426,"properties":{"k":"resto"},"geometry":{"type":"Point","coordinates":[13.4013,52.5112]}},{"type":"Feature","id":427,"properties":{"k":"resto"},"geometry":{"type":"Point","coordinates":[13.39049,52.5235]}},{"type":"Feature","id":428,"properties":{"k":"resto"},"geometry":{"type":"Point","coordinates":[13.40365,52.52311]}},{"type":"Feature","id":429,"properties":{"k":"resto"},"geometry":{"type":"Point","coordinates":[13.40504,52.52344]}},{"type":"Feature","id":430,"properties":{"k":"resto"},"geometry":{"type":"Point","coordinates":[13.43815,52.50592]}},{"type":"Feature","id":431,"properties":{"k":"resto"},"geometry":{"type":"Point","coordinates":[13.38815,52.52735]}},{"type":"Feature","id":432,"properties":{"k":"resto"},"geometry":{"type":"Point","coordinates":[13.38929,52.53208]}},{"type":"Feature","id":433,"properties":{"k":"resto"},"geometry":{"type":"Point","coordinates":[13.4071,52.49835]}},{"type":"Feature","id":434,"properties":{"k":"resto"},"geometry":{"type":"Point","coordinates":[13.40666,52.49845]}},{"type":"Feature","id":435,"properties":{"k":"resto"},"geometry":{"type":"Point","coordinates":[13.3888,52.51715]}},{"type":"Feature","id":436,"properties":{"k":"resto"},"geometry":{"type":"Point","coordinates":[13.4138,52.51154]}},{"type":"Feature","id":437,"properties":{"k":"resto"},"geometry":{"type":"Point","coordinates":[13.41744,52.50011]}},{"type":"Feature","id":438,"properties":{"k":"resto"},"geometry":{"type":"Point","coordinates":[13.38913,52.51506]}},{"type":"Feature","id":439,"properties":{"k":"resto"},"geometry":{"type":"Point","coordinates":[13.43435,52.49321]}},{"type":"Feature","id":440,"properties":{"k":"resto"},"geometry":{"type":"Point","coordinates":[13.43371,52.49679]}},{"type":"Feature","id":441,"properties":{"k":"resto"},"geometry":{"type":"Point","coordinates":[13.42504,52.49776]}},{"type":"Feature","id":442,"properties":{"k":"resto"},"geometry":{"type":"Point","coordinates":[13.42617,52.49677]}},{"type":"Feature","id":443,"properties":{"k":"resto"},"geometry":{"type":"Point","coordinates":[13.42841,52.49611]}},{"type":"Feature","id":444,"properties":{"k":"resto"},"geometry":{"type":"Point","coordinates":[13.42906,52.49592]}},{"type":"Feature","id":445,"properties":{"k":"resto"},"geometry":{"type":"Point","coordinates":[13.42927,52.49586]}},{"type":"Feature","id":446,"properties":{"k":"resto"},"geometry":{"type":"Point","coordinates":[13.3949,52.52448]}},{"type":"Feature","id":447,"properties":{"k":"resto"},"geometry":{"type":"Point","coordinates":[13.42225,52.49792]}},{"type":"Feature","id":448,"properties":{"k":"resto"},"geometry":{"type":"Point","coordinates":[13.42332,52.49761]}},{"type":"Feature","id":449,"properties":{"k":"resto"},"geometry":{"type":"Point","coordinates":[13.4238,52.49747]}},{"type":"Feature","id":450,"properties":{"k":"resto"},"geometry":{"type":"Point","coordinates":[13.41923,52.49916]}},{"type":"Feature","id":451,"properties":{"k":"resto"},"geometry":{"type":"Point","coordinates":[13.38366,52.5042]}},{"type":"Feature","id":452,"properties":{"k":"resto"},"geometry":{"type":"Point","coordinates":[13.38015,52.50598]}},{"type":"Feature","id":453,"properties":{"k":"resto"},"geometry":{"type":"Point","coordinates":[13.38233,52.50195]}},{"type":"Feature","id":454,"properties":{"k":"resto"},"geometry":{"type":"Point","coordinates":[13.44548,52.51607]}},{"type":"Feature","id":455,"properties":{"k":"resto"},"geometry":{"type":"Point","coordinates":[13.38545,52.52352]}},{"type":"Feature","id":456,"properties":{"k":"resto"},"geometry":{"type":"Point","coordinates":[13.38503,52.52346]}},{"type":"Feature","id":457,"properties":{"k":"resto"},"geometry":{"type":"Point","coordinates":[13.38378,52.52325]}},{"type":"Feature","id":458,"properties":{"k":"resto"},"geometry":{"type":"Point","coordinates":[13.38271,52.52518]}},{"type":"Feature","id":459,"properties":{"k":"resto"},"geometry":{"type":"Point","coordinates":[13.38165,52.52787]}},{"type":"Feature","id":460,"properties":{"k":"resto"},"geometry":{"type":"Point","coordinates":[13.44312,52.49926]}},{"type":"Feature","id":461,"properties":{"k":"resto"},"geometry":{"type":"Point","coordinates":[13.39595,52.48964]}},{"type":"Feature","id":462,"properties":{"k":"resto"},"geometry":{"type":"Point","coordinates":[13.40823,52.52911]}},{"type":"Feature","id":463,"properties":{"k":"resto"},"geometry":{"type":"Point","coordinates":[13.40816,52.53045]}},{"type":"Feature","id":464,"properties":{"k":"resto"},"geometry":{"type":"Point","coordinates":[13.40233,52.50917]}},{"type":"Feature","id":465,"properties":{"k":"resto"},"geometry":{"type":"Point","coordinates":[13.41263,52.53101]}},{"type":"Feature","id":466,"properties":{"k":"resto"},"geometry":{"type":"Point","coordinates":[13.42438,52.52889]}},{"type":"Feature","id":467,"properties":{"k":"resto"},"geometry":{"type":"Point","coordinates":[13.39479,52.50281]}},{"type":"Feature","id":468,"properties":{"k":"resto"},"geometry":{"type":"Point","coordinates":[13.43126,52.49527]}},{"type":"Feature","id":469,"properties":{"k":"resto"},"geometry":{"type":"Point","coordinates":[13.4324,52.50219]}},{"type":"Feature","id":470,"properties":{"k":"resto"},"geometry":{"type":"Point","coordinates":[13.42723,52.50028]}},{"type":"Feature","id":471,"properties":{"k":"resto"},"geometry":{"type":"Point","coordinates":[13.43323,52.49966]}},{"type":"Feature","id":472,"properties":{"k":"resto"},"geometry":{"type":"Point","coordinates":[13.42874,52.49939]}},{"type":"Feature","id":473,"properties":{"k":"resto"},"geometry":{"type":"Point","coordinates":[13.42755,52.49932]}},{"type":"Feature","id":474,"properties":{"k":"resto"},"geometry":{"type":"Point","coordinates":[13.43398,52.50047]}},{"type":"Feature","id":475,"properties":{"k":"resto"},"geometry":{"type":"Point","coordinates":[13.44137,52.50139]}},{"type":"Feature","id":476,"properties":{"k":"resto"},"geometry":{"type":"Point","coordinates":[13.44289,52.50204]}},{"type":"Feature","id":477,"properties":{"k":"resto"},"geometry":{"type":"Point","coordinates":[13.42163,52.49294]}},{"type":"Feature","id":478,"properties":{"k":"resto"},"geometry":{"type":"Point","coordinates":[13.40377,52.51601]}},{"type":"Feature","id":479,"properties":{"k":"resto"},"geometry":{"type":"Point","coordinates":[13.40382,52.51649]}},{"type":"Feature","id":480,"properties":{"k":"resto"},"geometry":{"type":"Point","coordinates":[13.40806,52.51881]}},{"type":"Feature","id":481,"properties":{"k":"resto"},"geometry":{"type":"Point","coordinates":[13.38459,52.52063]}},{"type":"Feature","id":482,"properties":{"k":"resto"},"geometry":{"type":"Point","coordinates":[13.43092,52.50252]}},{"type":"Feature","id":483,"properties":{"k":"resto"},"geometry":{"type":"Point","coordinates":[13.42485,52.49975]}},{"type":"Feature","id":484,"properties":{"k":"resto"},"geometry":{"type":"Point","coordinates":[13.42176,52.49918]}},{"type":"Feature","id":485,"properties":{"k":"resto"},"geometry":{"type":"Point","coordinates":[13.41993,52.49917]}},{"type":"Feature","id":486,"properties":{"k":"resto"},"geometry":{"type":"Point","coordinates":[13.42373,52.50122]}},{"type":"Feature","id":487,"properties":{"k":"resto"},"geometry":{"type":"Point","coordinates":[13.39018,52.52024]}},{"type":"Feature","id":488,"properties":{"k":"resto"},"geometry":{"type":"Point","coordinates":[13.392,52.52006]}},{"type":"Feature","id":489,"properties":{"k":"resto"},"geometry":{"type":"Point","coordinates":[13.42539,52.50855]}},{"type":"Feature","id":490,"properties":{"k":"resto"},"geometry":{"type":"Point","coordinates":[13.43907,52.50554]}},{"type":"Feature","id":491,"properties":{"k":"resto"},"geometry":{"type":"Point","coordinates":[13.38932,52.51388]}},{"type":"Feature","id":492,"properties":{"k":"resto"},"geometry":{"type":"Point","coordinates":[13.38924,52.51441]}},{"type":"Feature","id":493,"properties":{"k":"resto"},"geometry":{"type":"Point","coordinates":[13.38268,52.5113]}},{"type":"Feature","id":494,"properties":{"k":"resto"},"geometry":{"type":"Point","coordinates":[13.38975,52.51123]}},{"type":"Feature","id":495,"properties":{"k":"resto"},"geometry":{"type":"Point","coordinates":[13.40411,52.52043]}},{"type":"Feature","id":496,"properties":{"k":"resto"},"geometry":{"type":"Point","coordinates":[13.41332,52.52308]}},{"type":"Feature","id":497,"properties":{"k":"resto"},"geometry":{"type":"Point","coordinates":[13.38479,52.49358]}},{"type":"Feature","id":498,"properties":{"k":"resto"},"geometry":{"type":"Point","coordinates":[13.38669,52.49364]}},{"type":"Feature","id":499,"properties":{"k":"resto"},"geometry":{"type":"Point","coordinates":[13.44485,52.49958]}},{"type":"Feature","id":500,"properties":{"k":"resto"},"geometry":{"type":"Point","coordinates":[13.44648,52.49866]}},{"type":"Feature","id":501,"properties":{"k":"resto"},"geometry":{"type":"Point","coordinates":[13.44623,52.4988]}},{"type":"Feature","id":502,"properties":{"k":"resto"},"geometry":{"type":"Point","coordinates":[13.44597,52.49895]}},{"type":"Feature","id":503,"properties":{"k":"resto"},"geometry":{"type":"Point","coordinates":[13.4162,52.49101]}},{"type":"Feature","id":504,"properties":{"k":"resto"},"geometry":{"type":"Point","coordinates":[13.39031,52.50996]}},{"type":"Feature","id":505,"properties":{"k":"resto"},"geometry":{"type":"Point","coordinates":[13.41299,52.49147]}},{"type":"Feature","id":506,"properties":{"k":"resto"},"geometry":{"type":"Point","coordinates":[13.3956,52.52454]}},{"type":"Feature","id":507,"properties":{"k":"resto"},"geometry":{"type":"Point","coordinates":[13.39583,52.52474]}},{"type":"Feature","id":508,"properties":{"k":"resto"},"geometry":{"type":"Point","coordinates":[13.43163,52.49068]}},{"type":"Feature","id":509,"properties":{"k":"resto"},"geometry":{"type":"Point","coordinates":[13.41852,52.49036]}},{"type":"Feature","id":510,"properties":{"k":"resto"},"geometry":{"type":"Point","coordinates":[13.41768,52.4906]}},{"type":"Feature","id":511,"properties":{"k":"resto"},"geometry":{"type":"Point","coordinates":[13.43574,52.51086]}},{"type":"Feature","id":512,"properties":{"k":"resto"},"geometry":{"type":"Point","coordinates":[13.41318,52.49061]}},{"type":"Feature","id":513,"properties":{"k":"resto"},"geometry":{"type":"Point","coordinates":[13.41306,52.49117]}},{"type":"Feature","id":514,"properties":{"k":"resto"},"geometry":{"type":"Point","coordinates":[13.42017,52.50418]}},{"type":"Feature","id":515,"properties":{"k":"resto"},"geometry":{"type":"Point","coordinates":[13.40603,52.50551]}},{"type":"Feature","id":516,"properties":{"k":"resto"},"geometry":{"type":"Point","coordinates":[13.43316,52.5117]}},{"type":"Feature","id":517,"properties":{"k":"resto"},"geometry":{"type":"Point","coordinates":[13.41663,52.49089]}},{"type":"Feature","id":518,"properties":{"k":"resto"},"geometry":{"type":"Point","coordinates":[13.38424,52.52961]}},{"type":"Feature","id":519,"properties":{"k":"resto"},"geometry":{"type":"Point","coordinates":[13.38806,52.49236]}},{"type":"Feature","id":520,"properties":{"k":"resto"},"geometry":{"type":"Point","coordinates":[13.40754,52.52966]}},{"type":"Feature","id":521,"properties":{"k":"resto"},"geometry":{"type":"Point","coordinates":[13.40523,52.52874]}},{"type":"Feature","id":522,"properties":{"k":"resto"},"geometry":{"type":"Point","coordinates":[13.42293,52.49173]}},{"type":"Feature","id":523,"properties":{"k":"resto"},"geometry":{"type":"Point","coordinates":[13.3963,52.51742]}},{"type":"Feature","id":524,"properties":{"k":"resto"},"geometry":{"type":"Point","coordinates":[13.44836,52.51216]}},{"type":"Feature","id":525,"properties":{"k":"resto"},"geometry":{"type":"Point","coordinates":[13.38296,52.52293]}},{"type":"Feature","id":526,"properties":{"k":"resto"},"geometry":{"type":"Point","coordinates":[13.42331,52.5092]}},{"type":"Feature","id":527,"properties":{"k":"resto"},"geometry":{"type":"Point","coordinates":[13.42862,52.49026]}},{"type":"Feature","id":528,"properties":{"k":"resto"},"geometry":{"type":"Point","coordinates":[13.40172,52.52791]}},{"type":"Feature","id":529,"properties":{"k":"resto"},"geometry":{"type":"Point","coordinates":[13.41152,52.52573]}},{"type":"Feature","id":530,"properties":{"k":"resto"},"geometry":{"type":"Point","coordinates":[13.43428,52.52269]}},{"type":"Feature","id":531,"properties":{"k":"resto"},"geometry":{"type":"Point","coordinates":[13.43426,52.51023]}},{"type":"Feature","id":532,"properties":{"k":"resto"},"geometry":{"type":"Point","coordinates":[13.44687,52.51101]}},{"type":"Feature","id":533,"properties":{"k":"resto"},"geometry":{"type":"Point","coordinates":[13.42858,52.51814]}},{"type":"Feature","id":534,"properties":{"k":"resto"},"geometry":{"type":"Point","coordinates":[13.38548,52.51853]}},{"type":"Feature","id":535,"properties":{"k":"resto"},"geometry":{"type":"Point","coordinates":[13.38538,52.5191]}},{"type":"Feature","id":536,"properties":{"k":"resto"},"geometry":{"type":"Point","coordinates":[13.38528,52.51965]}},{"type":"Feature","id":537,"properties":{"k":"resto"},"geometry":{"type":"Point","coordinates":[13.42293,52.5096]}},{"type":"Feature","id":538,"properties":{"k":"resto"},"geometry":{"type":"Point","coordinates":[13.44846,52.49878]}},{"type":"Feature","id":539,"properties":{"k":"resto"},"geometry":{"type":"Point","coordinates":[13.4355,52.5116]}},{"type":"Feature","id":540,"properties":{"k":"resto"},"geometry":{"type":"Point","coordinates":[13.39418,52.52729]}},{"type":"Feature","id":541,"properties":{"k":"resto"},"geometry":{"type":"Point","coordinates":[13.42752,52.53051]}},{"type":"Feature","id":542,"properties":{"k":"resto"},"geometry":{"type":"Point","coordinates":[13.39303,52.50353]}},{"type":"Feature","id":543,"properties":{"k":"resto"},"geometry":{"type":"Point","coordinates":[13.40378,52.51256]}},{"type":"Feature","id":544,"properties":{"k":"resto"},"geometry":{"type":"Point","coordinates":[13.38384,52.51034]}},{"type":"Feature","id":545,"properties":{"k":"resto"},"geometry":{"type":"Point","coordinates":[13.42076,52.51706]}},{"type":"Feature","id":546,"properties":{"k":"resto"},"geometry":{"type":"Point","coordinates":[13.41444,52.51959]}},{"type":"Feature","id":547,"properties":{"k":"resto"},"geometry":{"type":"Point","coordinates":[13.40677,52.4949]}},{"type":"Feature","id":548,"properties":{"k":"resto"},"geometry":{"type":"Point","coordinates":[13.40541,52.5296]}},{"type":"Feature","id":549,"properties":{"k":"resto"},"geometry":{"type":"Point","coordinates":[13.4038,52.52986]}},{"type":"Feature","id":550,"properties":{"k":"resto"},"geometry":{"type":"Point","coordinates":[13.39351,52.52846]}},{"type":"Feature","id":551,"properties":{"k":"resto"},"geometry":{"type":"Point","coordinates":[13.39227,52.5282]}},{"type":"Feature","id":552,"properties":{"k":"resto"},"geometry":{"type":"Point","coordinates":[13.39311,52.52719]}},{"type":"Feature","id":553,"properties":{"k":"resto"},"geometry":{"type":"Point","coordinates":[13.39333,52.52678]}},{"type":"Feature","id":554,"properties":{"k":"resto"},"geometry":{"type":"Point","coordinates":[13.40546,52.52941]}},{"type":"Feature","id":555,"properties":{"k":"resto"},"geometry":{"type":"Point","coordinates":[13.40575,52.51002]}},{"type":"Feature","id":556,"properties":{"k":"resto"},"geometry":{"type":"Point","coordinates":[13.40338,52.51103]}},{"type":"Feature","id":557,"properties":{"k":"resto"},"geometry":{"type":"Point","coordinates":[13.40888,52.53128]}},{"type":"Feature","id":558,"properties":{"k":"resto"},"geometry":{"type":"Point","coordinates":[13.41873,52.49838]}},{"type":"Feature","id":559,"properties":{"k":"resto"},"geometry":{"type":"Point","coordinates":[13.43331,52.51938]}},{"type":"Feature","id":560,"properties":{"k":"resto"},"geometry":{"type":"Point","coordinates":[13.44905,52.51304]}},{"type":"Feature","id":561,"properties":{"k":"resto"},"geometry":{"type":"Point","coordinates":[13.41537,52.52864]}},{"type":"Feature","id":562,"properties":{"k":"resto"},"geometry":{"type":"Point","coordinates":[13.38899,52.52593]}},{"type":"Feature","id":563,"properties":{"k":"resto"},"geometry":{"type":"Point","coordinates":[13.38734,52.52624]}},{"type":"Feature","id":564,"properties":{"k":"resto"},"geometry":{"type":"Point","coordinates":[13.41302,52.52803]}},{"type":"Feature","id":565,"properties":{"k":"resto"},"geometry":{"type":"Point","coordinates":[13.4096,52.5229]}},{"type":"Feature","id":566,"properties":{"k":"resto"},"geometry":{"type":"Point","coordinates":[13.40943,52.5159]}},{"type":"Feature","id":567,"properties":{"k":"resto"},"geometry":{"type":"Point","coordinates":[13.38122,52.51509]}},{"type":"Feature","id":568,"properties":{"k":"resto"},"geometry":{"type":"Point","coordinates":[13.38085,52.51373]}},{"type":"Feature","id":569,"properties":{"k":"resto"},"geometry":{"type":"Point","coordinates":[13.44309,52.50397]}},{"type":"Feature","id":570,"properties":{"k":"resto"},"geometry":{"type":"Point","coordinates":[13.38605,52.52226]}},{"type":"Feature","id":571,"properties":{"k":"resto"},"geometry":{"type":"Point","coordinates":[13.39414,52.50828]}},{"type":"Feature","id":572,"properties":{"k":"resto"},"geometry":{"type":"Point","coordinates":[13.38827,52.49955]}},{"type":"Feature","id":573,"properties":{"k":"resto"},"geometry":{"type":"Point","coordinates":[13.42465,52.50882]}},{"type":"Feature","id":574,"properties":{"k":"resto"},"geometry":{"type":"Point","coordinates":[13.42138,52.51007]}},{"type":"Feature","id":575,"properties":{"k":"resto"},"geometry":{"type":"Point","coordinates":[13.44257,52.50076]}},{"type":"Feature","id":576,"properties":{"k":"resto"},"geometry":{"type":"Point","coordinates":[13.41068,52.51256]}},{"type":"Feature","id":577,"properties":{"k":"resto"},"geometry":{"type":"Point","coordinates":[13.41159,52.51276]}},{"type":"Feature","id":578,"properties":{"k":"resto"},"geometry":{"type":"Point","coordinates":[13.40708,52.51836]}},{"type":"Feature","id":579,"properties":{"k":"resto"},"geometry":{"type":"Point","coordinates":[13.39557,52.49616]}},{"type":"Feature","id":580,"properties":{"k":"resto"},"geometry":{"type":"Point","coordinates":[13.39552,52.49607]}},{"type":"Feature","id":581,"properties":{"k":"resto"},"geometry":{"type":"Point","coordinates":[13.3907,52.51699]}},{"type":"Feature","id":582,"properties":{"k":"resto"},"geometry":{"type":"Point","coordinates":[13.39069,52.51727]}},{"type":"Feature","id":583,"properties":{"k":"resto"},"geometry":{"type":"Point","coordinates":[13.39464,52.51929]}},{"type":"Feature","id":584,"properties":{"k":"resto"},"geometry":{"type":"Point","coordinates":[13.40488,52.49833]}},{"type":"Feature","id":585,"properties":{"k":"resto"},"geometry":{"type":"Point","coordinates":[13.40855,52.51279]}},{"type":"Feature","id":586,"properties":{"k":"resto"},"geometry":{"type":"Point","coordinates":[13.43162,52.52347]}},{"type":"Feature","id":587,"properties":{"k":"resto"},"geometry":{"type":"Point","coordinates":[13.4002,52.49437]}},{"type":"Feature","id":588,"properties":{"k":"resto"},"geometry":{"type":"Point","coordinates":[13.42943,52.51046]}},{"type":"Feature","id":589,"properties":{"k":"resto"},"geometry":{"type":"Point","coordinates":[13.44273,52.51158]}},{"type":"Feature","id":590,"properties":{"k":"resto"},"geometry":{"type":"Point","coordinates":[13.38585,52.49136]}},{"type":"Feature","id":591,"properties":{"k":"resto"},"geometry":{"type":"Point","coordinates":[13.44751,52.51753]}},{"type":"Feature","id":592,"properties":{"k":"resto"},"geometry":{"type":"Point","coordinates":[13.43188,52.51889]}},{"type":"Feature","id":593,"properties":{"k":"resto"},"geometry":{"type":"Point","coordinates":[13.37948,52.50972]}},{"type":"Feature","id":594,"properties":{"k":"resto"},"geometry":{"type":"Point","coordinates":[13.43513,52.52324]}},{"type":"Feature","id":595,"properties":{"k":"resto"},"geometry":{"type":"Point","coordinates":[13.41119,52.5261]}},{"type":"Feature","id":596,"properties":{"k":"resto"},"geometry":{"type":"Point","coordinates":[13.41492,52.50248]}},{"type":"Feature","id":597,"properties":{"k":"resto"},"geometry":{"type":"Point","coordinates":[13.38833,52.52028]}},{"type":"Feature","id":598,"properties":{"k":"resto"},"geometry":{"type":"Point","coordinates":[13.40702,52.52284]}},{"type":"Feature","id":599,"properties":{"k":"resto"},"geometry":{"type":"Point","coordinates":[13.38737,52.52501]}},{"type":"Feature","id":600,"properties":{"k":"resto"},"geometry":{"type":"Point","coordinates":[13.39674,52.51097]}},{"type":"Feature","id":601,"properties":{"k":"resto"},"geometry":{"type":"Point","coordinates":[13.38611,52.52812]}},{"type":"Feature","id":602,"properties":{"k":"resto"},"geometry":{"type":"Point","coordinates":[13.38719,52.52846]}},{"type":"Feature","id":603,"properties":{"k":"resto"},"geometry":{"type":"Point","coordinates":[13.42694,52.49994]}},{"type":"Feature","id":604,"properties":{"k":"resto"},"geometry":{"type":"Point","coordinates":[13.40058,52.5284]}},{"type":"Feature","id":605,"properties":{"k":"resto"},"geometry":{"type":"Point","coordinates":[13.41158,52.50234]}},{"type":"Feature","id":606,"properties":{"k":"resto"},"geometry":{"type":"Point","coordinates":[13.39813,52.5147]}},{"type":"Feature","id":607,"properties":{"k":"resto"},"geometry":{"type":"Point","coordinates":[13.39154,52.51223]}},{"type":"Feature","id":608,"properties":{"k":"resto"},"geometry":{"type":"Point","coordinates":[13.39241,52.51228]}},{"type":"Feature","id":609,"properties":{"k":"resto"},"geometry":{"type":"Point","coordinates":[13.3886,52.51115]}},{"type":"Feature","id":610,"properties":{"k":"resto"},"geometry":{"type":"Point","coordinates":[13.39461,52.50217]}},{"type":"Feature","id":611,"properties":{"k":"resto"},"geometry":{"type":"Point","coordinates":[13.41689,52.51184]}},{"type":"Feature","id":612,"properties":{"k":"resto"},"geometry":{"type":"Point","coordinates":[13.40998,52.50271]}},{"type":"Feature","id":613,"properties":{"k":"resto"},"geometry":{"type":"Point","coordinates":[13.4394,52.52587]}},{"type":"Feature","id":614,"properties":{"k":"resto"},"geometry":{"type":"Point","coordinates":[13.41986,52.49971]}},{"type":"Feature","id":615,"properties":{"k":"resto"},"geometry":{"type":"Point","coordinates":[13.39409,52.50482]}},{"type":"Feature","id":616,"properties":{"k":"resto"},"geometry":{"type":"Point","coordinates":[13.38237,52.50959]}},{"type":"Feature","id":617,"properties":{"k":"resto"},"geometry":{"type":"Point","coordinates":[13.3885,52.50172]}},{"type":"Feature","id":618,"properties":{"k":"resto"},"geometry":{"type":"Point","coordinates":[13.38033,52.50597]}},{"type":"Feature","id":619,"properties":{"k":"resto"},"geometry":{"type":"Point","coordinates":[13.39373,52.5062]}},{"type":"Feature","id":620,"properties":{"k":"resto"},"geometry":{"type":"Point","coordinates":[13.44693,52.50274]}},{"type":"Feature","id":621,"properties":{"k":"resto"},"geometry":{"type":"Point","coordinates":[13.38732,52.52219]}},{"type":"Feature","id":622,"properties":{"k":"resto"},"geometry":{"type":"Point","coordinates":[13.4399,52.50518]}},{"type":"Feature","id":623,"properties":{"k":"resto"},"geometry":{"type":"Point","coordinates":[13.38608,52.53142]}},{"type":"Feature","id":624,"properties":{"k":"resto"},"geometry":{"type":"Point","coordinates":[13.45005,52.52258]}},{"type":"Feature","id":625,"properties":{"k":"resto"},"geometry":{"type":"Point","coordinates":[13.40484,52.51557]}},{"type":"Feature","id":626,"properties":{"k":"resto"},"geometry":{"type":"Point","coordinates":[13.40684,52.5248]}},{"type":"Feature","id":627,"properties":{"k":"resto"},"geometry":{"type":"Point","coordinates":[13.40662,52.52357]}},{"type":"Feature","id":628,"properties":{"k":"resto"},"geometry":{"type":"Point","coordinates":[13.39335,52.49892]}},{"type":"Feature","id":629,"properties":{"k":"resto"},"geometry":{"type":"Point","coordinates":[13.41687,52.49923]}},{"type":"Feature","id":630,"properties":{"k":"resto"},"geometry":{"type":"Point","coordinates":[13.39908,52.52497]}},{"type":"Feature","id":631,"properties":{"k":"resto"},"geometry":{"type":"Point","coordinates":[13.39886,52.52548]}},{"type":"Feature","id":632,"properties":{"k":"resto"},"geometry":{"type":"Point","coordinates":[13.41246,52.50585]}},{"type":"Feature","id":633,"properties":{"k":"resto"},"geometry":{"type":"Point","coordinates":[13.38885,52.51687]}},{"type":"Feature","id":634,"properties":{"k":"resto"},"geometry":{"type":"Point","coordinates":[13.38723,52.52585]}},{"type":"Feature","id":635,"properties":{"k":"resto"},"geometry":{"type":"Point","coordinates":[13.38728,52.52639]}},{"type":"Feature","id":636,"properties":{"k":"resto"},"geometry":{"type":"Point","coordinates":[13.3825,52.53102]}},{"type":"Feature","id":637,"properties":{"k":"resto"},"geometry":{"type":"Point","coordinates":[13.38927,52.52322]}},{"type":"Feature","id":638,"properties":{"k":"resto"},"geometry":{"type":"Point","coordinates":[13.38825,52.50657]}},{"type":"Feature","id":639,"properties":{"k":"resto"},"geometry":{"type":"Point","coordinates":[13.39546,52.52503]}},{"type":"Feature","id":640,"properties":{"k":"resto"},"geometry":{"type":"Point","coordinates":[13.39855,52.52652]}},{"type":"Feature","id":641,"properties":{"k":"resto"},"geometry":{"type":"Point","coordinates":[13.39744,52.49544]}},{"type":"Feature","id":642,"properties":{"k":"resto"},"geometry":{"type":"Point","coordinates":[13.39694,52.49569]}},{"type":"Feature","id":643,"properties":{"k":"resto"},"geometry":{"type":"Point","coordinates":[13.44824,52.52443]}},{"type":"Feature","id":644,"properties":{"k":"resto"},"geometry":{"type":"Point","coordinates":[13.40616,52.52731]}},{"type":"Feature","id":645,"properties":{"k":"resto"},"geometry":{"type":"Point","coordinates":[13.38219,52.53126]}},{"type":"Feature","id":646,"properties":{"k":"resto"},"geometry":{"type":"Point","coordinates":[13.41132,52.52399]}},{"type":"Feature","id":647,"properties":{"k":"resto"},"geometry":{"type":"Point","coordinates":[13.42054,52.49627]}},{"type":"Feature","id":648,"properties":{"k":"resto"},"geometry":{"type":"Point","coordinates":[13.38205,52.49196]}},{"type":"Feature","id":649,"properties":{"k":"resto"},"geometry":{"type":"Point","coordinates":[13.42312,52.49144]}},{"type":"Feature","id":650,"properties":{"k":"resto"},"geometry":{"type":"Point","coordinates":[13.4047,52.52903]}},{"type":"Feature","id":651,"properties":{"k":"resto"},"geometry":{"type":"Point","coordinates":[13.39254,52.53047]}},{"type":"Feature","id":652,"properties":{"k":"resto"},"geometry":{"type":"Point","coordinates":[13.38645,52.5279]}},{"type":"Feature","id":653,"properties":{"k":"resto"},"geometry":{"type":"Point","coordinates":[13.3869,52.53062]}},{"type":"Feature","id":654,"properties":{"k":"resto"},"geometry":{"type":"Point","coordinates":[13.39129,52.52848]}},{"type":"Feature","id":655,"properties":{"k":"resto"},"geometry":{"type":"Point","coordinates":[13.38878,52.51563]}},{"type":"Feature","id":656,"properties":{"k":"resto"},"geometry":{"type":"Point","coordinates":[13.39933,52.52437]}},{"type":"Feature","id":657,"properties":{"k":"resto"},"geometry":{"type":"Point","coordinates":[13.38452,52.52923]}},{"type":"Feature","id":658,"properties":{"k":"resto"},"geometry":{"type":"Point","coordinates":[13.41448,52.50802]}},{"type":"Feature","id":659,"properties":{"k":"resto"},"geometry":{"type":"Point","coordinates":[13.40609,52.52486]}},{"type":"Feature","id":660,"properties":{"k":"resto"},"geometry":{"type":"Point","coordinates":[13.40682,52.52506]}},{"type":"Feature","id":661,"properties":{"k":"resto"},"geometry":{"type":"Point","coordinates":[13.40725,52.52467]}},{"type":"Feature","id":662,"properties":{"k":"resto"},"geometry":{"type":"Point","coordinates":[13.40874,52.52425]}},{"type":"Feature","id":663,"properties":{"k":"resto"},"geometry":{"type":"Point","coordinates":[13.41045,52.52456]}},{"type":"Feature","id":664,"properties":{"k":"resto"},"geometry":{"type":"Point","coordinates":[13.40999,52.52448]}},{"type":"Feature","id":665,"properties":{"k":"resto"},"geometry":{"type":"Point","coordinates":[13.42468,52.50894]}},{"type":"Feature","id":666,"properties":{"k":"resto"},"geometry":{"type":"Point","coordinates":[13.44672,52.49852]}},{"type":"Feature","id":667,"properties":{"k":"resto"},"geometry":{"type":"Point","coordinates":[13.44384,52.49812]}},{"type":"Feature","id":668,"properties":{"k":"resto"},"geometry":{"type":"Point","coordinates":[13.44338,52.49837]}},{"type":"Feature","id":669,"properties":{"k":"resto"},"geometry":{"type":"Point","coordinates":[13.44448,52.49977]}},{"type":"Feature","id":670,"properties":{"k":"resto"},"geometry":{"type":"Point","coordinates":[13.44182,52.49864]}},{"type":"Feature","id":671,"properties":{"k":"resto"},"geometry":{"type":"Point","coordinates":[13.44114,52.49801]}},{"type":"Feature","id":672,"properties":{"k":"resto"},"geometry":{"type":"Point","coordinates":[13.44689,52.49843]}},{"type":"Feature","id":673,"properties":{"k":"resto"},"geometry":{"type":"Point","coordinates":[13.4444,52.49981]}},{"type":"Feature","id":674,"properties":{"k":"resto"},"geometry":{"type":"Point","coordinates":[13.43673,52.49957]}},{"type":"Feature","id":675,"properties":{"k":"resto"},"geometry":{"type":"Point","coordinates":[13.43875,52.52441]}},{"type":"Feature","id":676,"properties":{"k":"resto"},"geometry":{"type":"Point","coordinates":[13.41593,52.53201]}},{"type":"Feature","id":677,"properties":{"k":"resto"},"geometry":{"type":"Point","coordinates":[13.38981,52.51969]}},{"type":"Feature","id":678,"properties":{"k":"resto"},"geometry":{"type":"Point","coordinates":[13.39088,52.5164]}},{"type":"Feature","id":679,"properties":{"k":"resto"},"geometry":{"type":"Point","coordinates":[13.38977,52.52814]}},{"type":"Feature","id":680,"properties":{"k":"resto"},"geometry":{"type":"Point","coordinates":[13.39649,52.49589]}},{"type":"Feature","id":681,"properties":{"k":"resto"},"geometry":{"type":"Point","coordinates":[13.38379,52.52844]}},{"type":"Feature","id":682,"properties":{"k":"resto"},"geometry":{"type":"Point","coordinates":[13.42384,52.51766]}},{"type":"Feature","id":683,"properties":{"k":"resto"},"geometry":{"type":"Point","coordinates":[13.44659,52.52135]}},{"type":"Feature","id":684,"properties":{"k":"resto"},"geometry":{"type":"Point","coordinates":[13.39066,52.50574]}},{"type":"Feature","id":685,"properties":{"k":"resto"},"geometry":{"type":"Point","coordinates":[13.39057,52.50627]}},{"type":"Feature","id":686,"properties":{"k":"resto"},"geometry":{"type":"Point","coordinates":[13.41846,52.50074]}},{"type":"Feature","id":687,"properties":{"k":"resto"},"geometry":{"type":"Point","coordinates":[13.44164,52.50556]}},{"type":"Feature","id":688,"properties":{"k":"resto"},"geometry":{"type":"Point","coordinates":[13.39105,52.50336]}},{"type":"Feature","id":689,"properties":{"k":"resto"},"geometry":{"type":"Point","coordinates":[13.41519,52.49503]}},{"type":"Feature","id":690,"properties":{"k":"resto"},"geometry":{"type":"Point","coordinates":[13.44803,52.50629]}},{"type":"Feature","id":691,"properties":{"k":"resto"},"geometry":{"type":"Point","coordinates":[13.38292,52.50449]}},{"type":"Feature","id":692,"properties":{"k":"resto"},"geometry":{"type":"Point","coordinates":[13.42874,52.49139]}},{"type":"Feature","id":693,"properties":{"k":"resto"},"geometry":{"type":"Point","coordinates":[13.38208,52.50354]}},{"type":"Feature","id":694,"properties":{"k":"resto"},"geometry":{"type":"Point","coordinates":[13.40958,52.5216]}},{"type":"Feature","id":695,"properties":{"k":"resto"},"geometry":{"type":"Point","coordinates":[13.41135,52.52184]}},{"type":"Feature","id":696,"properties":{"k":"resto"},"geometry":{"type":"Point","coordinates":[13.38744,52.52585]}},{"type":"Feature","id":697,"properties":{"k":"resto"},"geometry":{"type":"Point","coordinates":[13.38772,52.52586]}},{"type":"Feature","id":698,"properties":{"k":"resto"},"geometry":{"type":"Point","coordinates":[13.43496,52.50537]}},{"type":"Feature","id":699,"properties":{"k":"resto"},"geometry":{"type":"Point","coordinates":[13.4336,52.50595]}},{"type":"Feature","id":700,"properties":{"k":"resto"},"geometry":{"type":"Point","coordinates":[13.41943,52.51517]}},{"type":"Feature","id":701,"properties":{"k":"resto"},"geometry":{"type":"Point","coordinates":[13.39576,52.50254]}},{"type":"Feature","id":702,"properties":{"k":"resto"},"geometry":{"type":"Point","coordinates":[13.40856,52.52835]}},{"type":"Feature","id":703,"properties":{"k":"resto"},"geometry":{"type":"Point","coordinates":[13.40907,52.52828]}},{"type":"Feature","id":704,"properties":{"k":"resto"},"geometry":{"type":"Point","coordinates":[13.44947,52.50682]}},{"type":"Feature","id":705,"properties":{"k":"resto"},"geometry":{"type":"Point","coordinates":[13.40599,52.5105]}},{"type":"Feature","id":706,"properties":{"k":"resto"},"geometry":{"type":"Point","coordinates":[13.39945,52.53185]}},{"type":"Feature","id":707,"properties":{"k":"resto"},"geometry":{"type":"Point","coordinates":[13.44786,52.50443]}},{"type":"Feature","id":708,"properties":{"k":"resto"},"geometry":{"type":"Point","coordinates":[13.41982,52.51605]}},{"type":"Feature","id":709,"properties":{"k":"resto"},"geometry":{"type":"Point","coordinates":[13.41647,52.49138]}},{"type":"Feature","id":710,"properties":{"k":"resto"},"geometry":{"type":"Point","coordinates":[13.39117,52.51549]}},{"type":"Feature","id":711,"properties":{"k":"resto"},"geometry":{"type":"Point","coordinates":[13.44723,52.49841]}},{"type":"Feature","id":712,"properties":{"k":"resto"},"geometry":{"type":"Point","coordinates":[13.38538,52.52871]}},{"type":"Feature","id":713,"properties":{"k":"resto"},"geometry":{"type":"Point","coordinates":[13.39909,52.52734]}},{"type":"Feature","id":714,"properties":{"k":"resto"},"geometry":{"type":"Point","coordinates":[13.39864,52.52661]}},{"type":"Feature","id":715,"properties":{"k":"resto"},"geometry":{"type":"Point","coordinates":[13.39897,52.52724]}},{"type":"Feature","id":716,"properties":{"k":"resto"},"geometry":{"type":"Point","coordinates":[13.38608,52.49654]}},{"type":"Feature","id":717,"properties":{"k":"resto"},"geometry":{"type":"Point","coordinates":[13.38755,52.49771]}},{"type":"Feature","id":718,"properties":{"k":"resto"},"geometry":{"type":"Point","coordinates":[13.43187,52.49978]}},{"type":"Feature","id":719,"properties":{"k":"resto"},"geometry":{"type":"Point","coordinates":[13.39916,52.50929]}},{"type":"Feature","id":720,"properties":{"k":"resto"},"geometry":{"type":"Point","coordinates":[13.41904,52.51517]}},{"type":"Feature","id":721,"properties":{"k":"resto"},"geometry":{"type":"Point","coordinates":[13.40037,52.52224]}},{"type":"Feature","id":722,"properties":{"k":"resto"},"geometry":{"type":"Point","coordinates":[13.39651,52.50464]}},{"type":"Feature","id":723,"properties":{"k":"resto"},"geometry":{"type":"Point","coordinates":[13.42366,52.49055]}},{"type":"Feature","id":724,"properties":{"k":"resto"},"geometry":{"type":"Point","coordinates":[13.43315,52.52797]}},{"type":"Feature","id":725,"properties":{"k":"resto"},"geometry":{"type":"Point","coordinates":[13.39072,52.51307]}},{"type":"Feature","id":726,"properties":{"k":"resto"},"geometry":{"type":"Point","coordinates":[13.39137,52.51311]}},{"type":"Feature","id":727,"properties":{"k":"resto"},"geometry":{"type":"Point","coordinates":[13.41179,52.49137]}},{"type":"Feature","id":728,"properties":{"k":"resto"},"geometry":{"type":"Point","coordinates":[13.42714,52.49377]}},{"type":"Feature","id":729,"properties":{"k":"resto"},"geometry":{"type":"Point","coordinates":[13.42124,52.49444]}},{"type":"Feature","id":730,"properties":{"k":"resto"},"geometry":{"type":"Point","coordinates":[13.42104,52.49474]}},{"type":"Feature","id":731,"properties":{"k":"resto"},"geometry":{"type":"Point","coordinates":[13.42807,52.49111]}},{"type":"Feature","id":732,"properties":{"k":"resto"},"geometry":{"type":"Point","coordinates":[13.41251,52.49362]}},{"type":"Feature","id":733,"properties":{"k":"resto"},"geometry":{"type":"Point","coordinates":[13.41941,52.49189]}},{"type":"Feature","id":734,"properties":{"k":"resto"},"geometry":{"type":"Point","coordinates":[13.4169,52.49189]}},{"type":"Feature","id":735,"properties":{"k":"resto"},"geometry":{"type":"Point","coordinates":[13.4184,52.49215]}},{"type":"Feature","id":736,"properties":{"k":"resto"},"geometry":{"type":"Point","coordinates":[13.4173,52.49243]}},{"type":"Feature","id":737,"properties":{"k":"resto"},"geometry":{"type":"Point","coordinates":[13.41737,52.49305]}},{"type":"Feature","id":738,"properties":{"k":"resto"},"geometry":{"type":"Point","coordinates":[13.41816,52.49352]}},{"type":"Feature","id":739,"properties":{"k":"resto"},"geometry":{"type":"Point","coordinates":[13.41797,52.49329]}},{"type":"Feature","id":740,"properties":{"k":"resto"},"geometry":{"type":"Point","coordinates":[13.42041,52.49562]}},{"type":"Feature","id":741,"properties":{"k":"resto"},"geometry":{"type":"Point","coordinates":[13.41912,52.49365]}},{"type":"Feature","id":742,"properties":{"k":"resto"},"geometry":{"type":"Point","coordinates":[13.41365,52.49416]}},{"type":"Feature","id":743,"properties":{"k":"resto"},"geometry":{"type":"Point","coordinates":[13.41469,52.49309]}},{"type":"Feature","id":744,"properties":{"k":"resto"},"geometry":{"type":"Point","coordinates":[13.41511,52.49298]}},{"type":"Feature","id":745,"properties":{"k":"resto"},"geometry":{"type":"Point","coordinates":[13.41517,52.49373]}},{"type":"Feature","id":746,"properties":{"k":"resto"},"geometry":{"type":"Point","coordinates":[13.37999,52.50594]}},{"type":"Feature","id":747,"properties":{"k":"resto"},"geometry":{"type":"Point","coordinates":[13.42526,52.49439]}},{"type":"Feature","id":748,"properties":{"k":"resto"},"geometry":{"type":"Point","coordinates":[13.42231,52.49604]}},{"type":"Feature","id":749,"properties":{"k":"resto"},"geometry":{"type":"Point","coordinates":[13.42136,52.49609]}},{"type":"Feature","id":750,"properties":{"k":"resto"},"geometry":{"type":"Point","coordinates":[13.42179,52.49693]}},{"type":"Feature","id":751,"properties":{"k":"resto"},"geometry":{"type":"Point","coordinates":[13.43738,52.49413]}},{"type":"Feature","id":752,"properties":{"k":"resto"},"geometry":{"type":"Point","coordinates":[13.43768,52.49403]}},{"type":"Feature","id":753,"properties":{"k":"resto"},"geometry":{"type":"Point","coordinates":[13.40925,52.52852]}},{"type":"Feature","id":754,"properties":{"k":"resto"},"geometry":{"type":"Point","coordinates":[13.38951,52.50665]}},{"type":"Feature","id":755,"properties":{"k":"resto"},"geometry":{"type":"Point","coordinates":[13.40307,52.49056]}},{"type":"Feature","id":756,"properties":{"k":"resto"},"geometry":{"type":"Point","coordinates":[13.40323,52.49178]}},{"type":"Feature","id":757,"properties":{"k":"resto"},"geometry":{"type":"Point","coordinates":[13.40229,52.49181]}},{"type":"Feature","id":758,"properties":{"k":"resto"},"geometry":{"type":"Point","coordinates":[13.41329,52.49119]}},{"type":"Feature","id":759,"properties":{"k":"resto"},"geometry":{"type":"Point","coordinates":[13.41132,52.49115]}},{"type":"Feature","id":760,"properties":{"k":"resto"},"geometry":{"type":"Point","coordinates":[13.41076,52.49088]}},{"type":"Feature","id":761,"properties":{"k":"resto"},"geometry":{"type":"Point","coordinates":[13.40862,52.49005]}},{"type":"Feature","id":762,"properties":{"k":"resto"},"geometry":{"type":"Point","coordinates":[13.44503,52.49964]}},{"type":"Feature","id":763,"properties":{"k":"resto"},"geometry":{"type":"Point","coordinates":[13.44514,52.49894]}},{"type":"Feature","id":764,"properties":{"k":"resto"},"geometry":{"type":"Point","coordinates":[13.42767,52.49208]}},{"type":"Feature","id":765,"properties":{"k":"resto"},"geometry":{"type":"Point","coordinates":[13.42754,52.49187]}},{"type":"Feature","id":766,"properties":{"k":"resto"},"geometry":{"type":"Point","coordinates":[13.42725,52.49045]}},{"type":"Feature","id":767,"properties":{"k":"resto"},"geometry":{"type":"Point","coordinates":[13.4211,52.49786]}},{"type":"Feature","id":768,"properties":{"k":"resto"},"geometry":{"type":"Point","coordinates":[13.42122,52.49782]}},{"type":"Feature","id":769,"properties":{"k":"resto"},"geometry":{"type":"Point","coordinates":[13.42579,52.49863]}},{"type":"Feature","id":770,"properties":{"k":"resto"},"geometry":{"type":"Point","coordinates":[13.42487,52.49774]}},{"type":"Feature","id":771,"properties":{"k":"resto"},"geometry":{"type":"Point","coordinates":[13.42543,52.49822]}},{"type":"Feature","id":772,"properties":{"k":"resto"},"geometry":{"type":"Point","coordinates":[13.42555,52.49835]}},{"type":"Feature","id":773,"properties":{"k":"resto"},"geometry":{"type":"Point","coordinates":[13.42327,52.49696]}},{"type":"Feature","id":774,"properties":{"k":"resto"},"geometry":{"type":"Point","coordinates":[13.42681,52.49552]}},{"type":"Feature","id":775,"properties":{"k":"resto"},"geometry":{"type":"Point","coordinates":[13.429,52.49447]}},{"type":"Feature","id":776,"properties":{"k":"resto"},"geometry":{"type":"Point","coordinates":[13.4291,52.49457]}},{"type":"Feature","id":777,"properties":{"k":"resto"},"geometry":{"type":"Point","coordinates":[13.42794,52.49591]}},{"type":"Feature","id":778,"properties":{"k":"resto"},"geometry":{"type":"Point","coordinates":[13.42879,52.49846]}},{"type":"Feature","id":779,"properties":{"k":"resto"},"geometry":{"type":"Point","coordinates":[13.43029,52.49555]}},{"type":"Feature","id":780,"properties":{"k":"resto"},"geometry":{"type":"Point","coordinates":[13.43019,52.4949]}},{"type":"Feature","id":781,"properties":{"k":"resto"},"geometry":{"type":"Point","coordinates":[13.42978,52.49481]}},{"type":"Feature","id":782,"properties":{"k":"resto"},"geometry":{"type":"Point","coordinates":[13.42906,52.49407]}},{"type":"Feature","id":783,"properties":{"k":"resto"},"geometry":{"type":"Point","coordinates":[13.43158,52.49518]}},{"type":"Feature","id":784,"properties":{"k":"resto"},"geometry":{"type":"Point","coordinates":[13.43115,52.49697]}},{"type":"Feature","id":785,"properties":{"k":"resto"},"geometry":{"type":"Point","coordinates":[13.43207,52.49734]}},{"type":"Feature","id":786,"properties":{"k":"resto"},"geometry":{"type":"Point","coordinates":[13.43428,52.49026]}},{"type":"Feature","id":787,"properties":{"k":"resto"},"geometry":{"type":"Point","coordinates":[13.43411,52.49032]}},{"type":"Feature","id":788,"properties":{"k":"resto"},"geometry":{"type":"Point","coordinates":[13.43542,52.49388]}},{"type":"Feature","id":789,"properties":{"k":"resto"},"geometry":{"type":"Point","coordinates":[13.43561,52.49399]}},{"type":"Feature","id":790,"properties":{"k":"resto"},"geometry":{"type":"Point","coordinates":[13.43648,52.49374]}},{"type":"Feature","id":791,"properties":{"k":"resto"},"geometry":{"type":"Point","coordinates":[13.43729,52.49367]}},{"type":"Feature","id":792,"properties":{"k":"resto"},"geometry":{"type":"Point","coordinates":[13.43694,52.4936]}},{"type":"Feature","id":793,"properties":{"k":"resto"},"geometry":{"type":"Point","coordinates":[13.43336,52.49503]}},{"type":"Feature","id":794,"properties":{"k":"resto"},"geometry":{"type":"Point","coordinates":[13.43463,52.4935]}},{"type":"Feature","id":795,"properties":{"k":"resto"},"geometry":{"type":"Point","coordinates":[13.43398,52.4943]}},{"type":"Feature","id":796,"properties":{"k":"resto"},"geometry":{"type":"Point","coordinates":[13.43361,52.49441]}},{"type":"Feature","id":797,"properties":{"k":"resto"},"geometry":{"type":"Point","coordinates":[13.43304,52.49433]}},{"type":"Feature","id":798,"properties":{"k":"resto"},"geometry":{"type":"Point","coordinates":[13.43145,52.4936]}},{"type":"Feature","id":799,"properties":{"k":"resto"},"geometry":{"type":"Point","coordinates":[13.43202,52.49504]}},{"type":"Feature","id":800,"properties":{"k":"resto"},"geometry":{"type":"Point","coordinates":[13.40961,52.51859]}},{"type":"Feature","id":801,"properties":{"k":"resto"},"geometry":{"type":"Point","coordinates":[13.41086,52.51882]}},{"type":"Feature","id":802,"properties":{"k":"resto"},"geometry":{"type":"Point","coordinates":[13.38371,52.52226]}},{"type":"Feature","id":803,"properties":{"k":"resto"},"geometry":{"type":"Point","coordinates":[13.43064,52.49766]}},{"type":"Feature","id":804,"properties":{"k":"resto"},"geometry":{"type":"Point","coordinates":[13.43079,52.49783]}},{"type":"Feature","id":805,"properties":{"k":"resto"},"geometry":{"type":"Point","coordinates":[13.42262,52.49981]}},{"type":"Feature","id":806,"properties":{"k":"resto"},"geometry":{"type":"Point","coordinates":[13.42552,52.49893]}},{"type":"Feature","id":807,"properties":{"k":"resto"},"geometry":{"type":"Point","coordinates":[13.41722,52.49787]}},{"type":"Feature","id":808,"properties":{"k":"resto"},"geometry":{"type":"Point","coordinates":[13.41701,52.49422]}},{"type":"Feature","id":809,"properties":{"k":"resto"},"geometry":{"type":"Point","coordinates":[13.41613,52.49442]}},{"type":"Feature","id":810,"properties":{"k":"resto"},"geometry":{"type":"Point","coordinates":[13.42006,52.4915]}},{"type":"Feature","id":811,"properties":{"k":"resto"},"geometry":{"type":"Point","coordinates":[13.42019,52.49131]}},{"type":"Feature","id":812,"properties":{"k":"resto"},"geometry":{"type":"Point","coordinates":[13.42047,52.49191]}},{"type":"Feature","id":813,"properties":{"k":"resto"},"geometry":{"type":"Point","coordinates":[13.421,52.49226]}},{"type":"Feature","id":814,"properties":{"k":"resto"},"geometry":{"type":"Point","coordinates":[13.42135,52.49277]}},{"type":"Feature","id":815,"properties":{"k":"resto"},"geometry":{"type":"Point","coordinates":[13.42183,52.49259]}},{"type":"Feature","id":816,"properties":{"k":"resto"},"geometry":{"type":"Point","coordinates":[13.42166,52.49084]}},{"type":"Feature","id":817,"properties":{"k":"resto"},"geometry":{"type":"Point","coordinates":[13.42046,52.49095]}},{"type":"Feature","id":818,"properties":{"k":"resto"},"geometry":{"type":"Point","coordinates":[13.42289,52.49062]}},{"type":"Feature","id":819,"properties":{"k":"resto"},"geometry":{"type":"Point","coordinates":[13.42596,52.49106]}},{"type":"Feature","id":820,"properties":{"k":"resto"},"geometry":{"type":"Point","coordinates":[13.42611,52.49048]}},{"type":"Feature","id":821,"properties":{"k":"resto"},"geometry":{"type":"Point","coordinates":[13.42924,52.49053]}},{"type":"Feature","id":822,"properties":{"k":"resto"},"geometry":{"type":"Point","coordinates":[13.43837,52.49459]}},{"type":"Feature","id":823,"properties":{"k":"resto"},"geometry":{"type":"Point","coordinates":[13.38806,52.50406]}},{"type":"Feature","id":824,"properties":{"k":"resto"},"geometry":{"type":"Point","coordinates":[13.38834,52.50351]}},{"type":"Feature","id":825,"properties":{"k":"resto"},"geometry":{"type":"Point","coordinates":[13.38851,52.50273]}},{"type":"Feature","id":826,"properties":{"k":"resto"},"geometry":{"type":"Point","coordinates":[13.39097,52.50292]}},{"type":"Feature","id":827,"properties":{"k":"resto"},"geometry":{"type":"Point","coordinates":[13.42825,52.49284]}},{"type":"Feature","id":828,"properties":{"k":"resto"},"geometry":{"type":"Point","coordinates":[13.42822,52.49256]}},{"type":"Feature","id":829,"properties":{"k":"resto"},"geometry":{"type":"Point","coordinates":[13.42818,52.49223]}},{"type":"Feature","id":830,"properties":{"k":"resto"},"geometry":{"type":"Point","coordinates":[13.4335,52.49014]}},{"type":"Feature","id":831,"properties":{"k":"resto"},"geometry":{"type":"Point","coordinates":[13.42913,52.49136]}},{"type":"Feature","id":832,"properties":{"k":"resto"},"geometry":{"type":"Point","coordinates":[13.414,52.49142]}},{"type":"Feature","id":833,"properties":{"k":"resto"},"geometry":{"type":"Point","coordinates":[13.41391,52.49215]}},{"type":"Feature","id":834,"properties":{"k":"resto"},"geometry":{"type":"Point","coordinates":[13.41397,52.49176]}},{"type":"Feature","id":835,"properties":{"k":"resto"},"geometry":{"type":"Point","coordinates":[13.41212,52.4919]}},{"type":"Feature","id":836,"properties":{"k":"resto"},"geometry":{"type":"Point","coordinates":[13.4184,52.49824]}},{"type":"Feature","id":837,"properties":{"k":"resto"},"geometry":{"type":"Point","coordinates":[13.419,52.49758]}},{"type":"Feature","id":838,"properties":{"k":"resto"},"geometry":{"type":"Point","coordinates":[13.4207,52.49481]}},{"type":"Feature","id":839,"properties":{"k":"resto"},"geometry":{"type":"Point","coordinates":[13.42087,52.49485]}},{"type":"Feature","id":840,"properties":{"k":"resto"},"geometry":{"type":"Point","coordinates":[13.4218,52.49355]}},{"type":"Feature","id":841,"properties":{"k":"resto"},"geometry":{"type":"Point","coordinates":[13.4225,52.49192]}},{"type":"Feature","id":842,"properties":{"k":"resto"},"geometry":{"type":"Point","coordinates":[13.42351,52.49079]}},{"type":"Feature","id":843,"properties":{"k":"resto"},"geometry":{"type":"Point","coordinates":[13.42464,52.49077]}},{"type":"Feature","id":844,"properties":{"k":"resto"},"geometry":{"type":"Point","coordinates":[13.42384,52.49026]}},{"type":"Feature","id":845,"properties":{"k":"resto"},"geometry":{"type":"Point","coordinates":[13.42371,52.49047]}},{"type":"Feature","id":846,"properties":{"k":"resto"},"geometry":{"type":"Point","coordinates":[13.42845,52.49823]}},{"type":"Feature","id":847,"properties":{"k":"resto"},"geometry":{"type":"Point","coordinates":[13.42309,52.49475]}},{"type":"Feature","id":848,"properties":{"k":"resto"},"geometry":{"type":"Point","coordinates":[13.42179,52.49536]}},{"type":"Feature","id":849,"properties":{"k":"resto"},"geometry":{"type":"Point","coordinates":[13.40074,52.50066]}},{"type":"Feature","id":850,"properties":{"k":"resto"},"geometry":{"type":"Point","coordinates":[13.39407,52.51482]}},{"type":"Feature","id":851,"properties":{"k":"resto"},"geometry":{"type":"Point","coordinates":[13.39341,52.51502]}},{"type":"Feature","id":852,"properties":{"k":"resto"},"geometry":{"type":"Point","coordinates":[13.4201,52.49647]}},{"type":"Feature","id":853,"properties":{"k":"resto"},"geometry":{"type":"Point","coordinates":[13.39099,52.49983]}},{"type":"Feature","id":854,"properties":{"k":"resto"},"geometry":{"type":"Point","coordinates":[13.40305,52.51728]}},{"type":"Feature","id":855,"properties":{"k":"resto"},"geometry":{"type":"Point","coordinates":[13.41843,52.53036]}},{"type":"Feature","id":856,"properties":{"k":"resto"},"geometry":{"type":"Point","coordinates":[13.39606,52.52896]}},{"type":"Feature","id":857,"properties":{"k":"resto"},"geometry":{"type":"Point","coordinates":[13.41973,52.51549]}},{"type":"Feature","id":858,"properties":{"k":"resto"},"geometry":{"type":"Point","coordinates":[13.40269,52.52731]}},{"type":"Feature","id":859,"properties":{"k":"resto"},"geometry":{"type":"Point","coordinates":[13.4212,52.494]}},{"type":"Feature","id":860,"properties":{"k":"resto"},"geometry":{"type":"Point","coordinates":[13.39639,52.50796]}},{"type":"Feature","id":861,"properties":{"k":"resto"},"geometry":{"type":"Point","coordinates":[13.38931,52.5071]}},{"type":"Feature","id":862,"properties":{"k":"resto"},"geometry":{"type":"Point","coordinates":[13.39987,52.49875]}},{"type":"Feature","id":863,"properties":{"k":"resto"},"geometry":{"type":"Point","coordinates":[13.40734,52.52203]}},{"type":"Feature","id":864,"properties":{"k":"resto"},"geometry":{"type":"Point","coordinates":[13.4227,52.50049]}},{"type":"Feature","id":865,"properties":{"k":"resto"},"geometry":{"type":"Point","coordinates":[13.42307,52.50059]}},{"type":"Feature","id":866,"properties":{"k":"resto"},"geometry":{"type":"Point","coordinates":[13.4453,52.49534]}},{"type":"Feature","id":867,"properties":{"k":"resto"},"geometry":{"type":"Point","coordinates":[13.44016,52.50202]}},{"type":"Feature","id":868,"properties":{"k":"resto"},"geometry":{"type":"Point","coordinates":[13.4316,52.5014]}},{"type":"Feature","id":869,"properties":{"k":"resto"},"geometry":{"type":"Point","coordinates":[13.432,52.5018]}},{"type":"Feature","id":870,"properties":{"k":"resto"},"geometry":{"type":"Point","coordinates":[13.43132,52.50295]}},{"type":"Feature","id":871,"properties":{"k":"resto"},"geometry":{"type":"Point","coordinates":[13.38182,52.51392]}},{"type":"Feature","id":872,"properties":{"k":"resto"},"geometry":{"type":"Point","coordinates":[13.383,52.51169]}},{"type":"Feature","id":873,"properties":{"k":"resto"},"geometry":{"type":"Point","coordinates":[13.44059,52.49953]}},{"type":"Feature","id":874,"properties":{"k":"resto"},"geometry":{"type":"Point","coordinates":[13.44075,52.49947]}},{"type":"Feature","id":875,"properties":{"k":"resto"},"geometry":{"type":"Point","coordinates":[13.41644,52.50701]}},{"type":"Feature","id":876,"properties":{"k":"resto"},"geometry":{"type":"Point","coordinates":[13.44158,52.51629]}},{"type":"Feature","id":877,"properties":{"k":"resto"},"geometry":{"type":"Point","coordinates":[13.42798,52.49343]}},{"type":"Feature","id":878,"properties":{"k":"resto"},"geometry":{"type":"Point","coordinates":[13.39417,52.49246]}},{"type":"Feature","id":879,"properties":{"k":"resto"},"geometry":{"type":"Point","coordinates":[13.39012,52.49662]}},{"type":"Feature","id":880,"properties":{"k":"resto"},"geometry":{"type":"Point","coordinates":[13.40144,52.51147]}},{"type":"Feature","id":881,"properties":{"k":"resto"},"geometry":{"type":"Point","coordinates":[13.40091,52.52568]}},{"type":"Feature","id":882,"properties":{"k":"resto"},"geometry":{"type":"Point","coordinates":[13.40163,52.52541]}},{"type":"Feature","id":883,"properties":{"k":"resto"},"geometry":{"type":"Point","coordinates":[13.40217,52.5252]}},{"type":"Feature","id":884,"properties":{"k":"resto"},"geometry":{"type":"Point","coordinates":[13.38836,52.52615]}},{"type":"Feature","id":885,"properties":{"k":"resto"},"geometry":{"type":"Point","coordinates":[13.39318,52.49687]}},{"type":"Feature","id":886,"properties":{"k":"resto"},"geometry":{"type":"Point","coordinates":[13.40807,52.50248]}},{"type":"Feature","id":887,"properties":{"k":"resto"},"geometry":{"type":"Point","coordinates":[13.40741,52.50306]}},{"type":"Feature","id":888,"properties":{"k":"resto"},"geometry":{"type":"Point","coordinates":[13.38431,52.4954]}},{"type":"Feature","id":889,"properties":{"k":"resto"},"geometry":{"type":"Point","coordinates":[13.38401,52.4951]}},{"type":"Feature","id":890,"properties":{"k":"resto"},"geometry":{"type":"Point","coordinates":[13.3836,52.49448]}},{"type":"Feature","id":891,"properties":{"k":"resto"},"geometry":{"type":"Point","coordinates":[13.38398,52.49443]}},{"type":"Feature","id":892,"properties":{"k":"resto"},"geometry":{"type":"Point","coordinates":[13.38113,52.50406]}},{"type":"Feature","id":893,"properties":{"k":"resto"},"geometry":{"type":"Point","coordinates":[13.40361,52.52711]}},{"type":"Feature","id":894,"properties":{"k":"resto"},"geometry":{"type":"Point","coordinates":[13.43113,52.51333]}},{"type":"Feature","id":895,"properties":{"k":"resto"},"geometry":{"type":"Point","coordinates":[13.44201,52.51652]}},{"type":"Feature","id":896,"properties":{"k":"resto"},"geometry":{"type":"Point","coordinates":[13.42698,52.5197]}},{"type":"Feature","id":897,"properties":{"k":"resto"},"geometry":{"type":"Point","coordinates":[13.42239,52.52614]}},{"type":"Feature","id":898,"properties":{"k":"resto"},"geometry":{"type":"Point","coordinates":[13.41355,52.50325]}},{"type":"Feature","id":899,"properties":{"k":"resto"},"geometry":{"type":"Point","coordinates":[13.39589,52.50705]}},{"type":"Feature","id":900,"properties":{"k":"resto"},"geometry":{"type":"Point","coordinates":[13.40907,52.50412]}},{"type":"Feature","id":901,"properties":{"k":"resto"},"geometry":{"type":"Point","coordinates":[13.39765,52.50623]}},{"type":"Feature","id":902,"properties":{"k":"resto"},"geometry":{"type":"Point","coordinates":[13.38609,52.50723]}},{"type":"Feature","id":903,"properties":{"k":"resto"},"geometry":{"type":"Point","coordinates":[13.4241,52.52898]}},{"type":"Feature","id":904,"properties":{"k":"resto"},"geometry":{"type":"Point","coordinates":[13.38774,52.4901]}},{"type":"Feature","id":905,"properties":{"k":"resto"},"geometry":{"type":"Point","coordinates":[13.38946,52.48973]}},{"type":"Feature","id":906,"properties":{"k":"resto"},"geometry":{"type":"Point","coordinates":[13.44732,52.50336]}},{"type":"Feature","id":907,"properties":{"k":"resto"},"geometry":{"type":"Point","coordinates":[13.38919,52.50414]}},{"type":"Feature","id":908,"properties":{"k":"resto"},"geometry":{"type":"Point","coordinates":[13.42325,52.51945]}},{"type":"Feature","id":909,"properties":{"k":"resto"},"geometry":{"type":"Point","coordinates":[13.4103,52.50312]}},{"type":"Feature","id":910,"properties":{"k":"resto"},"geometry":{"type":"Point","coordinates":[13.38761,52.49369]}},{"type":"Feature","id":911,"properties":{"k":"resto"},"geometry":{"type":"Point","coordinates":[13.38801,52.4936]}},{"type":"Feature","id":912,"properties":{"k":"resto"},"geometry":{"type":"Point","coordinates":[13.41945,52.50172]}},{"type":"Feature","id":913,"properties":{"k":"resto"},"geometry":{"type":"Point","coordinates":[13.42008,52.50262]}},{"type":"Feature","id":914,"properties":{"k":"resto"},"geometry":{"type":"Point","coordinates":[13.42032,52.50296]}},{"type":"Feature","id":915,"properties":{"k":"resto"},"geometry":{"type":"Point","coordinates":[13.42056,52.50287]}},{"type":"Feature","id":916,"properties":{"k":"resto"},"geometry":{"type":"Point","coordinates":[13.41896,52.50372]}},{"type":"Feature","id":917,"properties":{"k":"resto"},"geometry":{"type":"Point","coordinates":[13.41814,52.50384]}},{"type":"Feature","id":918,"properties":{"k":"resto"},"geometry":{"type":"Point","coordinates":[13.42972,52.49827]}},{"type":"Feature","id":919,"properties":{"k":"resto"},"geometry":{"type":"Point","coordinates":[13.43031,52.49886]}},{"type":"Feature","id":920,"properties":{"k":"resto"},"geometry":{"type":"Point","coordinates":[13.44946,52.50508]}},{"type":"Feature","id":921,"properties":{"k":"resto"},"geometry":{"type":"Point","coordinates":[13.44348,52.5046]}},{"type":"Feature","id":922,"properties":{"k":"resto"},"geometry":{"type":"Point","coordinates":[13.44376,52.5049]}},{"type":"Feature","id":923,"properties":{"k":"resto"},"geometry":{"type":"Point","coordinates":[13.44368,52.50482]}},{"type":"Feature","id":924,"properties":{"k":"resto"},"geometry":{"type":"Point","coordinates":[13.4482,52.5046]}},{"type":"Feature","id":925,"properties":{"k":"resto"},"geometry":{"type":"Point","coordinates":[13.44732,52.50376]}},{"type":"Feature","id":926,"properties":{"k":"resto"},"geometry":{"type":"Point","coordinates":[13.44948,52.52253]}},{"type":"Feature","id":927,"properties":{"k":"resto"},"geometry":{"type":"Point","coordinates":[13.4494,52.52207]}},{"type":"Feature","id":928,"properties":{"k":"resto"},"geometry":{"type":"Point","coordinates":[13.39644,52.49398]}},{"type":"Feature","id":929,"properties":{"k":"resto"},"geometry":{"type":"Point","coordinates":[13.39606,52.49493]}},{"type":"Feature","id":930,"properties":{"k":"resto"},"geometry":{"type":"Point","coordinates":[13.43042,52.49882]}},{"type":"Feature","id":931,"properties":{"k":"resto"},"geometry":{"type":"Point","coordinates":[13.42803,52.49944]}},{"type":"Feature","id":932,"properties":{"k":"resto"},"geometry":{"type":"Point","coordinates":[13.38851,52.49352]}},{"type":"Feature","id":933,"properties":{"k":"resto"},"geometry":{"type":"Point","coordinates":[13.38863,52.49371]}},{"type":"Feature","id":934,"properties":{"k":"resto"},"geometry":{"type":"Point","coordinates":[13.38959,52.49282]}},{"type":"Feature","id":935,"properties":{"k":"resto"},"geometry":{"type":"Point","coordinates":[13.42945,52.49784]}},{"type":"Feature","id":936,"properties":{"k":"resto"},"geometry":{"type":"Point","coordinates":[13.3937,52.52282]}},{"type":"Feature","id":937,"properties":{"k":"resto"},"geometry":{"type":"Point","coordinates":[13.4292,52.5009]}},{"type":"Feature","id":938,"properties":{"k":"resto"},"geometry":{"type":"Point","coordinates":[13.44868,52.51118]}},{"type":"Feature","id":939,"properties":{"k":"resto"},"geometry":{"type":"Point","coordinates":[13.39126,52.50187]}},{"type":"Feature","id":940,"properties":{"k":"resto"},"geometry":{"type":"Point","coordinates":[13.39144,52.50188]}},{"type":"Feature","id":941,"properties":{"k":"resto"},"geometry":{"type":"Point","coordinates":[13.44041,52.52309]}},{"type":"Feature","id":942,"properties":{"k":"resto"},"geometry":{"type":"Point","coordinates":[13.44206,52.49823]}},{"type":"Feature","id":943,"properties":{"k":"resto"},"geometry":{"type":"Point","coordinates":[13.44989,52.52008]}},{"type":"Feature","id":944,"properties":{"k":"resto"},"geometry":{"type":"Point","coordinates":[13.3877,52.52513]}},{"type":"Feature","id":945,"properties":{"k":"resto"},"geometry":{"type":"Point","coordinates":[13.44479,52.52982]}},{"type":"Feature","id":946,"properties":{"k":"resto"},"geometry":{"type":"Point","coordinates":[13.44392,52.52936]}},{"type":"Feature","id":947,"properties":{"k":"resto"},"geometry":{"type":"Point","coordinates":[13.42383,52.52657]}},{"type":"Feature","id":948,"properties":{"k":"resto"},"geometry":{"type":"Point","coordinates":[13.40844,52.5275]}},{"type":"Feature","id":949,"properties":{"k":"resto"},"geometry":{"type":"Point","coordinates":[13.38798,52.52935]}},{"type":"Feature","id":950,"properties":{"k":"resto"},"geometry":{"type":"Point","coordinates":[13.43431,52.52925]}},{"type":"Feature","id":951,"properties":{"k":"resto"},"geometry":{"type":"Point","coordinates":[13.42738,52.49941]}},{"type":"Feature","id":952,"properties":{"k":"resto"},"geometry":{"type":"Point","coordinates":[13.42873,52.49948]}},{"type":"Feature","id":953,"properties":{"k":"resto"},"geometry":{"type":"Point","coordinates":[13.42948,52.49959]}},{"type":"Feature","id":954,"properties":{"k":"resto"},"geometry":{"type":"Point","coordinates":[13.43231,52.49978]}},{"type":"Feature","id":955,"properties":{"k":"resto"},"geometry":{"type":"Point","coordinates":[13.4395,52.50058]}},{"type":"Feature","id":956,"properties":{"k":"resto"},"geometry":{"type":"Point","coordinates":[13.42749,52.50864]}},{"type":"Feature","id":957,"properties":{"k":"resto"},"geometry":{"type":"Point","coordinates":[13.40331,52.5278]}},{"type":"Feature","id":958,"properties":{"k":"resto"},"geometry":{"type":"Point","coordinates":[13.41096,52.52664]}},{"type":"Feature","id":959,"properties":{"k":"resto"},"geometry":{"type":"Point","coordinates":[13.44016,52.5163]}},{"type":"Feature","id":960,"properties":{"k":"resto"},"geometry":{"type":"Point","coordinates":[13.43991,52.51539]}},{"type":"Feature","id":961,"properties":{"k":"resto"},"geometry":{"type":"Point","coordinates":[13.41302,52.49766]}},{"type":"Feature","id":962,"properties":{"k":"resto"},"geometry":{"type":"Point","coordinates":[13.41246,52.4969]}},{"type":"Feature","id":963,"properties":{"k":"resto"},"geometry":{"type":"Point","coordinates":[13.39002,52.52568]}},{"type":"Feature","id":964,"properties":{"k":"resto"},"geometry":{"type":"Point","coordinates":[13.40262,52.52807]}},{"type":"Feature","id":965,"properties":{"k":"resto"},"geometry":{"type":"Point","coordinates":[13.41202,52.52834]}},{"type":"Feature","id":966,"properties":{"k":"resto"},"geometry":{"type":"Point","coordinates":[13.39346,52.51234]}},{"type":"Feature","id":967,"properties":{"k":"resto"},"geometry":{"type":"Point","coordinates":[13.43512,52.52158]}},{"type":"Feature","id":968,"properties":{"k":"resto"},"geometry":{"type":"Point","coordinates":[13.43475,52.52257]}},{"type":"Feature","id":969,"properties":{"k":"resto"},"geometry":{"type":"Point","coordinates":[13.40547,52.52225]}},{"type":"Feature","id":970,"properties":{"k":"resto"},"geometry":{"type":"Point","coordinates":[13.42611,52.51174]}},{"type":"Feature","id":971,"properties":{"k":"resto"},"geometry":{"type":"Point","coordinates":[13.42572,52.5118]}},{"type":"Feature","id":972,"properties":{"k":"resto"},"geometry":{"type":"Point","coordinates":[13.42644,52.51156]}},{"type":"Feature","id":973,"properties":{"k":"resto"},"geometry":{"type":"Point","coordinates":[13.39081,52.51606]}},{"type":"Feature","id":974,"properties":{"k":"resto"},"geometry":{"type":"Point","coordinates":[13.41016,52.52471]}},{"type":"Feature","id":975,"properties":{"k":"resto"},"geometry":{"type":"Point","coordinates":[13.3839,52.4932]}},{"type":"Feature","id":976,"properties":{"k":"resto"},"geometry":{"type":"Point","coordinates":[13.39773,52.52375]}},{"type":"Feature","id":977,"properties":{"k":"resto"},"geometry":{"type":"Point","coordinates":[13.44574,52.49908]}},{"type":"Feature","id":978,"properties":{"k":"resto"},"geometry":{"type":"Point","coordinates":[13.44544,52.49925]}},{"type":"Feature","id":979,"properties":{"k":"resto"},"geometry":{"type":"Point","coordinates":[13.44716,52.5215]}},{"type":"Feature","id":980,"properties":{"k":"resto"},"geometry":{"type":"Point","coordinates":[13.44933,52.52218]}},{"type":"Feature","id":981,"properties":{"k":"resto"},"geometry":{"type":"Point","coordinates":[13.38575,52.49007]}},{"type":"Feature","id":982,"properties":{"k":"resto"},"geometry":{"type":"Point","coordinates":[13.38772,52.51708]}},{"type":"Feature","id":983,"properties":{"k":"resto"},"geometry":{"type":"Point","coordinates":[13.38427,52.51776]}},{"type":"Feature","id":984,"properties":{"k":"resto"},"geometry":{"type":"Point","coordinates":[13.40129,52.52364]}},{"type":"Feature","id":985,"properties":{"k":"resto"},"geometry":{"type":"Point","coordinates":[13.40697,52.52305]}},{"type":"Feature","id":986,"properties":{"k":"resto"},"geometry":{"type":"Point","coordinates":[13.42094,52.49191]}},{"type":"Feature","id":987,"properties":{"k":"resto"},"geometry":{"type":"Point","coordinates":[13.41799,52.49357]}},{"type":"Feature","id":988,"properties":{"k":"resto"},"geometry":{"type":"Point","coordinates":[13.40148,52.52999]}},{"type":"Feature","id":989,"properties":{"k":"resto"},"geometry":{"type":"Point","coordinates":[13.40937,52.52365]}},{"type":"Feature","id":990,"properties":{"k":"resto"},"geometry":{"type":"Point","coordinates":[13.40934,52.5236]}},{"type":"Feature","id":991,"properties":{"k":"resto"},"geometry":{"type":"Point","coordinates":[13.4091,52.52326]}},{"type":"Feature","id":992,"properties":{"k":"resto"},"geometry":{"type":"Point","coordinates":[13.38084,52.50557]}},{"type":"Feature","id":993,"properties":{"k":"resto"},"geometry":{"type":"Point","coordinates":[13.38563,52.50182]}},{"type":"Feature","id":994,"properties":{"k":"resto"},"geometry":{"type":"Point","coordinates":[13.38855,52.50049]}},{"type":"Feature","id":995,"properties":{"k":"resto"},"geometry":{"type":"Point","coordinates":[13.38883,52.50143]}},{"type":"Feature","id":996,"properties":{"k":"resto"},"geometry":{"type":"Point","coordinates":[13.39206,52.50811]}},{"type":"Feature","id":997,"properties":{"k":"resto"},"geometry":{"type":"Point","coordinates":[13.39144,52.51187]}},{"type":"Feature","id":998,"properties":{"k":"resto"},"geometry":{"type":"Point","coordinates":[13.3916,52.51188]}},{"type":"Feature","id":999,"properties":{"k":"resto"},"geometry":{"type":"Point","coordinates":[13.39094,52.51607]}},{"type":"Feature","id":1000,"properties":{"k":"resto"},"geometry":{"type":"Point","coordinates":[13.39044,52.51974]}},{"type":"Feature","id":1001,"properties":{"k":"resto"},"geometry":{"type":"Point","coordinates":[13.39,52.5202]}},{"type":"Feature","id":1002,"properties":{"k":"resto"},"geometry":{"type":"Point","coordinates":[13.3886,52.52073]}},{"type":"Feature","id":1003,"properties":{"k":"resto"},"geometry":{"type":"Point","coordinates":[13.3877,52.50763]}},{"type":"Feature","id":1004,"properties":{"k":"resto"},"geometry":{"type":"Point","coordinates":[13.39024,52.50706]}},{"type":"Feature","id":1005,"properties":{"k":"resto"},"geometry":{"type":"Point","coordinates":[13.39058,52.507]}},{"type":"Feature","id":1006,"properties":{"k":"resto"},"geometry":{"type":"Point","coordinates":[13.39072,52.50624]}},{"type":"Feature","id":1007,"properties":{"k":"resto"},"geometry":{"type":"Point","coordinates":[13.39054,52.50555]}},{"type":"Feature","id":1008,"properties":{"k":"resto"},"geometry":{"type":"Point","coordinates":[13.39899,52.50775]}},{"type":"Feature","id":1009,"properties":{"k":"resto"},"geometry":{"type":"Point","coordinates":[13.39881,52.5075]}},{"type":"Feature","id":1010,"properties":{"k":"resto"},"geometry":{"type":"Point","coordinates":[13.39731,52.50512]}},{"type":"Feature","id":1011,"properties":{"k":"resto"},"geometry":{"type":"Point","coordinates":[13.39758,52.50533]}},{"type":"Feature","id":1012,"properties":{"k":"resto"},"geometry":{"type":"Point","coordinates":[13.40282,52.50363]}},{"type":"Feature","id":1013,"properties":{"k":"resto"},"geometry":{"type":"Point","coordinates":[13.40899,52.50402]}},{"type":"Feature","id":1014,"properties":{"k":"resto"},"geometry":{"type":"Point","coordinates":[13.41297,52.50311]}},{"type":"Feature","id":1015,"properties":{"k":"resto"},"geometry":{"type":"Point","coordinates":[13.41393,52.50266]}},{"type":"Feature","id":1016,"properties":{"k":"resto"},"geometry":{"type":"Point","coordinates":[13.41398,52.50274]}},{"type":"Feature","id":1017,"properties":{"k":"resto"},"geometry":{"type":"Point","coordinates":[13.41396,52.50274]}},{"type":"Feature","id":1018,"properties":{"k":"resto"},"geometry":{"type":"Point","coordinates":[13.4352,52.51185]}},{"type":"Feature","id":1019,"properties":{"k":"resto"},"geometry":{"type":"Point","coordinates":[13.38307,52.51649]}},{"type":"Feature","id":1020,"properties":{"k":"resto"},"geometry":{"type":"Point","coordinates":[13.41754,52.5004]}},{"type":"Feature","id":1021,"properties":{"k":"resto"},"geometry":{"type":"Point","coordinates":[13.41741,52.50058]}},{"type":"Feature","id":1022,"properties":{"k":"resto"},"geometry":{"type":"Point","coordinates":[13.41724,52.50081]}},{"type":"Feature","id":1023,"properties":{"k":"resto"},"geometry":{"type":"Point","coordinates":[13.41711,52.50099]}},{"type":"Feature","id":1024,"properties":{"k":"resto"},"geometry":{"type":"Point","coordinates":[13.41649,52.50136]}},{"type":"Feature","id":1025,"properties":{"k":"resto"},"geometry":{"type":"Point","coordinates":[13.41671,52.50105]}},{"type":"Feature","id":1026,"properties":{"k":"resto"},"geometry":{"type":"Point","coordinates":[13.41678,52.50095]}},{"type":"Feature","id":1027,"properties":{"k":"resto"},"geometry":{"type":"Point","coordinates":[13.39872,52.52218]}},{"type":"Feature","id":1028,"properties":{"k":"resto"},"geometry":{"type":"Point","coordinates":[13.43761,52.53123]}},{"type":"Feature","id":1029,"properties":{"k":"resto"},"geometry":{"type":"Point","coordinates":[13.43628,52.52989]}},{"type":"Feature","id":1030,"properties":{"k":"resto"},"geometry":{"type":"Point","coordinates":[13.43639,52.52999]}},{"type":"Feature","id":1031,"properties":{"k":"resto"},"geometry":{"type":"Point","coordinates":[13.43133,52.52952]}},{"type":"Feature","id":1032,"properties":{"k":"resto"},"geometry":{"type":"Point","coordinates":[13.43172,52.53001]}},{"type":"Feature","id":1033,"properties":{"k":"resto"},"geometry":{"type":"Point","coordinates":[13.4253,52.52833]}},{"type":"Feature","id":1034,"properties":{"k":"resto"},"geometry":{"type":"Point","coordinates":[13.42505,52.52893]}},{"type":"Feature","id":1035,"properties":{"k":"resto"},"geometry":{"type":"Point","coordinates":[13.4249,52.529]}},{"type":"Feature","id":1036,"properties":{"k":"resto"},"geometry":{"type":"Point","coordinates":[13.42605,52.52979]}},{"type":"Feature","id":1037,"properties":{"k":"resto"},"geometry":{"type":"Point","coordinates":[13.44613,52.52543]}},{"type":"Feature","id":1038,"properties":{"k":"resto"},"geometry":{"type":"Point","coordinates":[13.39123,52.51399]}},{"type":"Feature","id":1039,"properties":{"k":"resto"},"geometry":{"type":"Point","coordinates":[13.38707,52.51053]}},{"type":"Feature","id":1040,"properties":{"k":"resto"},"geometry":{"type":"Point","coordinates":[13.3944,52.49088]}},{"type":"Feature","id":1041,"properties":{"k":"resto"},"geometry":{"type":"Point","coordinates":[13.38802,52.49006]}},{"type":"Feature","id":1042,"properties":{"k":"resto"},"geometry":{"type":"Point","coordinates":[13.44101,52.52423]}},{"type":"Feature","id":1043,"properties":{"k":"resto"},"geometry":{"type":"Point","coordinates":[13.44621,52.52124]}},{"type":"Feature","id":1044,"properties":{"k":"resto"},"geometry":{"type":"Point","coordinates":[13.44977,52.52132]}},{"type":"Feature","id":1045,"properties":{"k":"resto"},"geometry":{"type":"Point","coordinates":[13.44969,52.52144]}},{"type":"Feature","id":1046,"properties":{"k":"resto"},"geometry":{"type":"Point","coordinates":[13.43978,52.5183]}},{"type":"Feature","id":1047,"properties":{"k":"resto"},"geometry":{"type":"Point","coordinates":[13.40859,52.52304]}},{"type":"Feature","id":1048,"properties":{"k":"resto"},"geometry":{"type":"Point","coordinates":[13.42729,52.53142]}},{"type":"Feature","id":1049,"properties":{"k":"resto"},"geometry":{"type":"Point","coordinates":[13.42662,52.53084]}},{"type":"Feature","id":1050,"properties":{"k":"resto"},"geometry":{"type":"Point","coordinates":[13.41822,52.51237]}},{"type":"Feature","id":1051,"properties":{"k":"resto"},"geometry":{"type":"Point","coordinates":[13.44825,52.5123]}},{"type":"Feature","id":1052,"properties":{"k":"resto"},"geometry":{"type":"Point","coordinates":[13.42682,52.5312]}},{"type":"Feature","id":1053,"properties":{"k":"resto"},"geometry":{"type":"Point","coordinates":[13.42589,52.53039]}},{"type":"Feature","id":1054,"properties":{"k":"resto"},"geometry":{"type":"Point","coordinates":[13.39463,52.49232]}},{"type":"Feature","id":1055,"properties":{"k":"resto"},"geometry":{"type":"Point","coordinates":[13.38604,52.52339]}},{"type":"Feature","id":1056,"properties":{"k":"resto"},"geometry":{"type":"Point","coordinates":[13.3863,52.52333]}},{"type":"Feature","id":1057,"properties":{"k":"resto"},"geometry":{"type":"Point","coordinates":[13.38622,52.52194]}},{"type":"Feature","id":1058,"properties":{"k":"resto"},"geometry":{"type":"Point","coordinates":[13.38493,52.52133]}},{"type":"Feature","id":1059,"properties":{"k":"resto"},"geometry":{"type":"Point","coordinates":[13.38452,52.52196]}},{"type":"Feature","id":1060,"properties":{"k":"resto"},"geometry":{"type":"Point","coordinates":[13.38452,52.52228]}},{"type":"Feature","id":1061,"properties":{"k":"resto"},"geometry":{"type":"Point","coordinates":[13.38003,52.52256]}},{"type":"Feature","id":1062,"properties":{"k":"resto"},"geometry":{"type":"Point","coordinates":[13.38572,52.52711]}},{"type":"Feature","id":1063,"properties":{"k":"resto"},"geometry":{"type":"Point","coordinates":[13.42921,52.49832]}},{"type":"Feature","id":1064,"properties":{"k":"resto"},"geometry":{"type":"Point","coordinates":[13.40785,52.51619]}},{"type":"Feature","id":1065,"properties":{"k":"resto"},"geometry":{"type":"Point","coordinates":[13.38946,52.513]}},{"type":"Feature","id":1066,"properties":{"k":"resto"},"geometry":{"type":"Point","coordinates":[13.38961,52.51207]}},{"type":"Feature","id":1067,"properties":{"k":"resto"},"geometry":{"type":"Point","coordinates":[13.38635,52.49006]}},{"type":"Feature","id":1068,"properties":{"k":"resto"},"geometry":{"type":"Point","coordinates":[13.38368,52.49007]}},{"type":"Feature","id":1069,"properties":{"k":"resto"},"geometry":{"type":"Point","coordinates":[13.41823,52.5311]}},{"type":"Feature","id":1070,"properties":{"k":"resto"},"geometry":{"type":"Point","coordinates":[13.41774,52.53126]}},{"type":"Feature","id":1071,"properties":{"k":"resto"},"geometry":{"type":"Point","coordinates":[13.41693,52.53153]}},{"type":"Feature","id":1072,"properties":{"k":"resto"},"geometry":{"type":"Point","coordinates":[13.41494,52.53077]}},{"type":"Feature","id":1073,"properties":{"k":"resto"},"geometry":{"type":"Point","coordinates":[13.4208,52.53156]}},{"type":"Feature","id":1074,"properties":{"k":"resto"},"geometry":{"type":"Point","coordinates":[13.41527,52.52982]}},{"type":"Feature","id":1075,"properties":{"k":"resto"},"geometry":{"type":"Point","coordinates":[13.41273,52.53111]}},{"type":"Feature","id":1076,"properties":{"k":"resto"},"geometry":{"type":"Point","coordinates":[13.41174,52.53131]}},{"type":"Feature","id":1077,"properties":{"k":"resto"},"geometry":{"type":"Point","coordinates":[13.41153,52.53115]}},{"type":"Feature","id":1078,"properties":{"k":"resto"},"geometry":{"type":"Point","coordinates":[13.41026,52.53097]}},{"type":"Feature","id":1079,"properties":{"k":"resto"},"geometry":{"type":"Point","coordinates":[13.38292,52.49248]}},{"type":"Feature","id":1080,"properties":{"k":"resto"},"geometry":{"type":"Point","coordinates":[13.3831,52.49186]}},{"type":"Feature","id":1081,"properties":{"k":"resto"},"geometry":{"type":"Point","coordinates":[13.38676,52.49128]}},{"type":"Feature","id":1082,"properties":{"k":"resto"},"geometry":{"type":"Point","coordinates":[13.38589,52.52228]}},{"type":"Feature","id":1083,"properties":{"k":"resto"},"geometry":{"type":"Point","coordinates":[13.3834,52.49859]}},{"type":"Feature","id":1084,"properties":{"k":"resto"},"geometry":{"type":"Point","coordinates":[13.38474,52.49722]}},{"type":"Feature","id":1085,"properties":{"k":"resto"},"geometry":{"type":"Point","coordinates":[13.38268,52.49313]}},{"type":"Feature","id":1086,"properties":{"k":"resto"},"geometry":{"type":"Point","coordinates":[13.40078,52.4948]}},{"type":"Feature","id":1087,"properties":{"k":"resto"},"geometry":{"type":"Point","coordinates":[13.42249,52.52634]}},{"type":"Feature","id":1088,"properties":{"k":"resto"},"geometry":{"type":"Point","coordinates":[13.43182,52.50942]}},{"type":"Feature","id":1089,"properties":{"k":"resto"},"geometry":{"type":"Point","coordinates":[13.44787,52.51989]}},{"type":"Feature","id":1090,"properties":{"k":"resto"},"geometry":{"type":"Point","coordinates":[13.44739,52.52055]}},{"type":"Feature","id":1091,"properties":{"k":"resto"},"geometry":{"type":"Point","coordinates":[13.43768,52.50771]}},{"type":"Feature","id":1092,"properties":{"k":"resto"},"geometry":{"type":"Point","coordinates":[13.44143,52.50533]}},{"type":"Feature","id":1093,"properties":{"k":"resto"},"geometry":{"type":"Point","coordinates":[13.44333,52.50444]}},{"type":"Feature","id":1094,"properties":{"k":"resto"},"geometry":{"type":"Point","coordinates":[13.43703,52.51676]}},{"type":"Feature","id":1095,"properties":{"k":"resto"},"geometry":{"type":"Point","coordinates":[13.43263,52.50241]}},{"type":"Feature","id":1096,"properties":{"k":"resto"},"geometry":{"type":"Point","coordinates":[13.43212,52.50175]}},{"type":"Feature","id":1097,"properties":{"k":"resto"},"geometry":{"type":"Point","coordinates":[13.42946,52.50235]}},{"type":"Feature","id":1098,"properties":{"k":"resto"},"geometry":{"type":"Point","coordinates":[13.43076,52.50172]}},{"type":"Feature","id":1099,"properties":{"k":"resto"},"geometry":{"type":"Point","coordinates":[13.43068,52.50164]}},{"type":"Feature","id":1100,"properties":{"k":"resto"},"geometry":{"type":"Point","coordinates":[13.43204,52.50134]}},{"type":"Feature","id":1101,"properties":{"k":"resto"},"geometry":{"type":"Point","coordinates":[13.43195,52.50126]}},{"type":"Feature","id":1102,"properties":{"k":"resto"},"geometry":{"type":"Point","coordinates":[13.43221,52.50128]}},{"type":"Feature","id":1103,"properties":{"k":"resto"},"geometry":{"type":"Point","coordinates":[13.43294,52.501]}},{"type":"Feature","id":1104,"properties":{"k":"resto"},"geometry":{"type":"Point","coordinates":[13.43795,52.503]}},{"type":"Feature","id":1105,"properties":{"k":"resto"},"geometry":{"type":"Point","coordinates":[13.43519,52.50423]}},{"type":"Feature","id":1106,"properties":{"k":"resto"},"geometry":{"type":"Point","coordinates":[13.43818,52.50319]}},{"type":"Feature","id":1107,"properties":{"k":"resto"},"geometry":{"type":"Point","coordinates":[13.42981,52.50134]}},{"type":"Feature","id":1108,"properties":{"k":"resto"},"geometry":{"type":"Point","coordinates":[13.43043,52.50221]}},{"type":"Feature","id":1109,"properties":{"k":"resto"},"geometry":{"type":"Point","coordinates":[13.43058,52.50216]}},{"type":"Feature","id":1110,"properties":{"k":"resto"},"geometry":{"type":"Point","coordinates":[13.42982,52.50309]}},{"type":"Feature","id":1111,"properties":{"k":"resto"},"geometry":{"type":"Point","coordinates":[13.42838,52.50142]}},{"type":"Feature","id":1112,"properties":{"k":"resto"},"geometry":{"type":"Point","coordinates":[13.42706,52.4999]}},{"type":"Feature","id":1113,"properties":{"k":"resto"},"geometry":{"type":"Point","coordinates":[13.4387,52.49933]}},{"type":"Feature","id":1114,"properties":{"k":"resto"},"geometry":{"type":"Point","coordinates":[13.43797,52.5]}},{"type":"Feature","id":1115,"properties":{"k":"resto"},"geometry":{"type":"Point","coordinates":[13.43745,52.49963]}},{"type":"Feature","id":1116,"properties":{"k":"resto"},"geometry":{"type":"Point","coordinates":[13.4365,52.4982]}},{"type":"Feature","id":1117,"properties":{"k":"resto"},"geometry":{"type":"Point","coordinates":[13.43605,52.498]}},{"type":"Feature","id":1118,"properties":{"k":"resto"},"geometry":{"type":"Point","coordinates":[13.43937,52.4983]}},{"type":"Feature","id":1119,"properties":{"k":"resto"},"geometry":{"type":"Point","coordinates":[13.43834,52.49725]}},{"type":"Feature","id":1120,"properties":{"k":"resto"},"geometry":{"type":"Point","coordinates":[13.44285,52.49921]}},{"type":"Feature","id":1121,"properties":{"k":"resto"},"geometry":{"type":"Point","coordinates":[13.44226,52.49598]}},{"type":"Feature","id":1122,"properties":{"k":"resto"},"geometry":{"type":"Point","coordinates":[13.4389,52.49994]}},{"type":"Feature","id":1123,"properties":{"k":"resto"},"geometry":{"type":"Point","coordinates":[13.43998,52.49949]}},{"type":"Feature","id":1124,"properties":{"k":"resto"},"geometry":{"type":"Point","coordinates":[13.44297,52.49805]}},{"type":"Feature","id":1125,"properties":{"k":"resto"},"geometry":{"type":"Point","coordinates":[13.44402,52.49541]}},{"type":"Feature","id":1126,"properties":{"k":"resto"},"geometry":{"type":"Point","coordinates":[13.44304,52.49587]}},{"type":"Feature","id":1127,"properties":{"k":"resto"},"geometry":{"type":"Point","coordinates":[13.43913,52.497]}},{"type":"Feature","id":1128,"properties":{"k":"resto"},"geometry":{"type":"Point","coordinates":[13.43366,52.49877]}},{"type":"Feature","id":1129,"properties":{"k":"resto"},"geometry":{"type":"Point","coordinates":[13.43457,52.49848]}},{"type":"Feature","id":1130,"properties":{"k":"resto"},"geometry":{"type":"Point","coordinates":[13.43467,52.49858]}},{"type":"Feature","id":1131,"properties":{"k":"resto"},"geometry":{"type":"Point","coordinates":[13.41504,52.50287]}},{"type":"Feature","id":1132,"properties":{"k":"resto"},"geometry":{"type":"Point","coordinates":[13.41565,52.50131]}},{"type":"Feature","id":1133,"properties":{"k":"resto"},"geometry":{"type":"Point","coordinates":[13.41514,52.50036]}},{"type":"Feature","id":1134,"properties":{"k":"resto"},"geometry":{"type":"Point","coordinates":[13.42644,52.50433]}},{"type":"Feature","id":1135,"properties":{"k":"resto"},"geometry":{"type":"Point","coordinates":[13.42899,52.50085]}},{"type":"Feature","id":1136,"properties":{"k":"resto"},"geometry":{"type":"Point","coordinates":[13.41955,52.50186]}},{"type":"Feature","id":1137,"properties":{"k":"resto"},"geometry":{"type":"Point","coordinates":[13.41898,52.50086]}},{"type":"Feature","id":1138,"properties":{"k":"resto"},"geometry":{"type":"Point","coordinates":[13.41887,52.5005]}},{"type":"Feature","id":1139,"properties":{"k":"resto"},"geometry":{"type":"Point","coordinates":[13.41822,52.50148]}},{"type":"Feature","id":1140,"properties":{"k":"resto"},"geometry":{"type":"Point","coordinates":[13.41827,52.50156]}},{"type":"Feature","id":1141,"properties":{"k":"resto"},"geometry":{"type":"Point","coordinates":[13.41759,52.50165]}},{"type":"Feature","id":1142,"properties":{"k":"resto"},"geometry":{"type":"Point","coordinates":[13.41765,52.50173]}},{"type":"Feature","id":1143,"properties":{"k":"resto"},"geometry":{"type":"Point","coordinates":[13.41715,52.50196]}},{"type":"Feature","id":1144,"properties":{"k":"resto"},"geometry":{"type":"Point","coordinates":[13.41709,52.50188]}},{"type":"Feature","id":1145,"properties":{"k":"resto"},"geometry":{"type":"Point","coordinates":[13.41815,52.50169]}},{"type":"Feature","id":1146,"properties":{"k":"resto"},"geometry":{"type":"Point","coordinates":[13.41809,52.50161]}},{"type":"Feature","id":1147,"properties":{"k":"resto"},"geometry":{"type":"Point","coordinates":[13.41868,52.50153]}},{"type":"Feature","id":1148,"properties":{"k":"resto"},"geometry":{"type":"Point","coordinates":[13.42413,52.50004]}},{"type":"Feature","id":1149,"properties":{"k":"resto"},"geometry":{"type":"Point","coordinates":[13.42407,52.49996]}},{"type":"Feature","id":1150,"properties":{"k":"resto"},"geometry":{"type":"Point","coordinates":[13.42423,52.49983]}},{"type":"Feature","id":1151,"properties":{"k":"resto"},"geometry":{"type":"Point","coordinates":[13.42194,52.50055]}},{"type":"Feature","id":1152,"properties":{"k":"resto"},"geometry":{"type":"Point","coordinates":[13.42216,52.50059]}},{"type":"Feature","id":1153,"properties":{"k":"resto"},"geometry":{"type":"Point","coordinates":[13.42233,52.50054]}},{"type":"Feature","id":1154,"properties":{"k":"resto"},"geometry":{"type":"Point","coordinates":[13.42227,52.50046]}},{"type":"Feature","id":1155,"properties":{"k":"resto"},"geometry":{"type":"Point","coordinates":[13.42161,52.50055]}},{"type":"Feature","id":1156,"properties":{"k":"resto"},"geometry":{"type":"Point","coordinates":[13.42111,52.50087]}},{"type":"Feature","id":1157,"properties":{"k":"resto"},"geometry":{"type":"Point","coordinates":[13.4209,52.5014]}},{"type":"Feature","id":1158,"properties":{"k":"resto"},"geometry":{"type":"Point","coordinates":[13.42013,52.50114]}},{"type":"Feature","id":1159,"properties":{"k":"resto"},"geometry":{"type":"Point","coordinates":[13.41968,52.50108]}},{"type":"Feature","id":1160,"properties":{"k":"resto"},"geometry":{"type":"Point","coordinates":[13.39413,52.50737]}},{"type":"Feature","id":1161,"properties":{"k":"resto"},"geometry":{"type":"Point","coordinates":[13.38558,52.50505]}},{"type":"Feature","id":1162,"properties":{"k":"resto"},"geometry":{"type":"Point","coordinates":[13.3915,52.50678]}},{"type":"Feature","id":1163,"properties":{"k":"resto"},"geometry":{"type":"Point","coordinates":[13.3914,52.50737]}},{"type":"Feature","id":1164,"properties":{"k":"resto"},"geometry":{"type":"Point","coordinates":[13.4104,52.50374]}},{"type":"Feature","id":1165,"properties":{"k":"resto"},"geometry":{"type":"Point","coordinates":[13.41094,52.50456]}},{"type":"Feature","id":1166,"properties":{"k":"resto"},"geometry":{"type":"Point","coordinates":[13.39688,52.50488]}},{"type":"Feature","id":1167,"properties":{"k":"resto"},"geometry":{"type":"Point","coordinates":[13.39076,52.50425]}},{"type":"Feature","id":1168,"properties":{"k":"resto"},"geometry":{"type":"Point","coordinates":[13.3909,52.50426]}},{"type":"Feature","id":1169,"properties":{"k":"resto"},"geometry":{"type":"Point","coordinates":[13.38843,52.50308]}},{"type":"Feature","id":1170,"properties":{"k":"resto"},"geometry":{"type":"Point","coordinates":[13.38493,52.50264]}},{"type":"Feature","id":1171,"properties":{"k":"resto"},"geometry":{"type":"Point","coordinates":[13.39946,52.50839]}},{"type":"Feature","id":1172,"properties":{"k":"resto"},"geometry":{"type":"Point","coordinates":[13.38499,52.49737]}},{"type":"Feature","id":1173,"properties":{"k":"resto"},"geometry":{"type":"Point","coordinates":[13.40773,52.52663]}},{"type":"Feature","id":1174,"properties":{"k":"resto"},"geometry":{"type":"Point","coordinates":[13.408,52.52696]}},{"type":"Feature","id":1175,"properties":{"k":"resto"},"geometry":{"type":"Point","coordinates":[13.38711,52.51976]}},{"type":"Feature","id":1176,"properties":{"k":"resto"},"geometry":{"type":"Point","coordinates":[13.38672,52.51967]}},{"type":"Feature","id":1177,"properties":{"k":"resto"},"geometry":{"type":"Point","coordinates":[13.38855,52.52184]}},{"type":"Feature","id":1178,"properties":{"k":"resto"},"geometry":{"type":"Point","coordinates":[13.38825,52.52042]}},{"type":"Feature","id":1179,"properties":{"k":"resto"},"geometry":{"type":"Point","coordinates":[13.42613,52.49211]}},{"type":"Feature","id":1180,"properties":{"k":"resto"},"geometry":{"type":"Point","coordinates":[13.41307,52.51876]}},{"type":"Feature","id":1181,"properties":{"k":"resto"},"geometry":{"type":"Point","coordinates":[13.39284,52.50774]}},{"type":"Feature","id":1182,"properties":{"k":"resto"},"geometry":{"type":"Point","coordinates":[13.39301,52.50795]}},{"type":"Feature","id":1183,"properties":{"k":"resto"},"geometry":{"type":"Point","coordinates":[13.39104,52.50873]}},{"type":"Feature","id":1184,"properties":{"k":"resto"},"geometry":{"type":"Point","coordinates":[13.39113,52.50853]}},{"type":"Feature","id":1185,"properties":{"k":"resto"},"geometry":{"type":"Point","coordinates":[13.41478,52.51953]}},{"type":"Feature","id":1186,"properties":{"k":"resto"},"geometry":{"type":"Point","coordinates":[13.38275,52.52309]}},{"type":"Feature","id":1187,"properties":{"k":"resto"},"geometry":{"type":"Point","coordinates":[13.38504,52.52337]}},{"type":"Feature","id":1188,"properties":{"k":"resto"},"geometry":{"type":"Point","coordinates":[13.38648,52.49049]}},{"type":"Feature","id":1189,"properties":{"k":"resto"},"geometry":{"type":"Point","coordinates":[13.38892,52.52327]}},{"type":"Feature","id":1190,"properties":{"k":"resto"},"geometry":{"type":"Point","coordinates":[13.40405,52.52288]}},{"type":"Feature","id":1191,"properties":{"k":"resto"},"geometry":{"type":"Point","coordinates":[13.40404,52.5219]}},{"type":"Feature","id":1192,"properties":{"k":"resto"},"geometry":{"type":"Point","coordinates":[13.40901,52.52341]}},{"type":"Feature","id":1193,"properties":{"k":"resto"},"geometry":{"type":"Point","coordinates":[13.41002,52.52475]}},{"type":"Feature","id":1194,"properties":{"k":"resto"},"geometry":{"type":"Point","coordinates":[13.40842,52.52614]}},{"type":"Feature","id":1195,"properties":{"k":"resto"},"geometry":{"type":"Point","coordinates":[13.40868,52.52677]}},{"type":"Feature","id":1196,"properties":{"k":"resto"},"geometry":{"type":"Point","coordinates":[13.40939,52.52849]}},{"type":"Feature","id":1197,"properties":{"k":"resto"},"geometry":{"type":"Point","coordinates":[13.40761,52.52666]}},{"type":"Feature","id":1198,"properties":{"k":"resto"},"geometry":{"type":"Point","coordinates":[13.40418,52.52454]}},{"type":"Feature","id":1199,"properties":{"k":"resto"},"geometry":{"type":"Point","coordinates":[13.40238,52.5253]}},{"type":"Feature","id":1200,"properties":{"k":"resto"},"geometry":{"type":"Point","coordinates":[13.40233,52.52522]}},{"type":"Feature","id":1201,"properties":{"k":"resto"},"geometry":{"type":"Point","coordinates":[13.39954,52.52389]}},{"type":"Feature","id":1202,"properties":{"k":"resto"},"geometry":{"type":"Point","coordinates":[13.39962,52.5239]}},{"type":"Feature","id":1203,"properties":{"k":"resto"},"geometry":{"type":"Point","coordinates":[13.39885,52.52567]}},{"type":"Feature","id":1204,"properties":{"k":"resto"},"geometry":{"type":"Point","coordinates":[13.39573,52.52479]}},{"type":"Feature","id":1205,"properties":{"k":"resto"},"geometry":{"type":"Point","coordinates":[13.39908,52.52361]}},{"type":"Feature","id":1206,"properties":{"k":"resto"},"geometry":{"type":"Point","coordinates":[13.40129,52.5237]}},{"type":"Feature","id":1207,"properties":{"k":"resto"},"geometry":{"type":"Point","coordinates":[13.4004,52.52774]}},{"type":"Feature","id":1208,"properties":{"k":"resto"},"geometry":{"type":"Point","coordinates":[13.40249,52.52904]}},{"type":"Feature","id":1209,"properties":{"k":"resto"},"geometry":{"type":"Point","coordinates":[13.40274,52.52905]}},{"type":"Feature","id":1210,"properties":{"k":"resto"},"geometry":{"type":"Point","coordinates":[13.40509,52.52798]}},{"type":"Feature","id":1211,"properties":{"k":"resto"},"geometry":{"type":"Point","coordinates":[13.40781,52.52851]}},{"type":"Feature","id":1212,"properties":{"k":"resto"},"geometry":{"type":"Point","coordinates":[13.40286,52.53122]}},{"type":"Feature","id":1213,"properties":{"k":"resto"},"geometry":{"type":"Point","coordinates":[13.40223,52.53129]}},{"type":"Feature","id":1214,"properties":{"k":"resto"},"geometry":{"type":"Point","coordinates":[13.4021,52.531]}},{"type":"Feature","id":1215,"properties":{"k":"resto"},"geometry":{"type":"Point","coordinates":[13.40247,52.53065]}},{"type":"Feature","id":1216,"properties":{"k":"resto"},"geometry":{"type":"Point","coordinates":[13.40187,52.53073]}},{"type":"Feature","id":1217,"properties":{"k":"resto"},"geometry":{"type":"Point","coordinates":[13.40175,52.53058]}},{"type":"Feature","id":1218,"properties":{"k":"resto"},"geometry":{"type":"Point","coordinates":[13.40192,52.53053]}},{"type":"Feature","id":1219,"properties":{"k":"resto"},"geometry":{"type":"Point","coordinates":[13.39759,52.52917]}},{"type":"Feature","id":1220,"properties":{"k":"resto"},"geometry":{"type":"Point","coordinates":[13.39412,52.5283]}},{"type":"Feature","id":1221,"properties":{"k":"resto"},"geometry":{"type":"Point","coordinates":[13.3934,52.52917]}},{"type":"Feature","id":1222,"properties":{"k":"resto"},"geometry":{"type":"Point","coordinates":[13.39304,52.52914]}},{"type":"Feature","id":1223,"properties":{"k":"resto"},"geometry":{"type":"Point","coordinates":[13.39509,52.52954]}},{"type":"Feature","id":1224,"properties":{"k":"resto"},"geometry":{"type":"Point","coordinates":[13.39562,52.52948]}},{"type":"Feature","id":1225,"properties":{"k":"resto"},"geometry":{"type":"Point","coordinates":[13.39478,52.53146]}},{"type":"Feature","id":1226,"properties":{"k":"resto"},"geometry":{"type":"Point","coordinates":[13.3942,52.5316]}},{"type":"Feature","id":1227,"properties":{"k":"resto"},"geometry":{"type":"Point","coordinates":[13.39441,52.53176]}},{"type":"Feature","id":1228,"properties":{"k":"resto"},"geometry":{"type":"Point","coordinates":[13.3962,52.5317]}},{"type":"Feature","id":1229,"properties":{"k":"resto"},"geometry":{"type":"Point","coordinates":[13.3966,52.5315]}},{"type":"Feature","id":1230,"properties":{"k":"resto"},"geometry":{"type":"Point","coordinates":[13.39656,52.53102]}},{"type":"Feature","id":1231,"properties":{"k":"resto"},"geometry":{"type":"Point","coordinates":[13.39703,52.53014]}},{"type":"Feature","id":1232,"properties":{"k":"resto"},"geometry":{"type":"Point","coordinates":[13.3972,52.52982]}},{"type":"Feature","id":1233,"properties":{"k":"resto"},"geometry":{"type":"Point","coordinates":[13.39326,52.52543]}},{"type":"Feature","id":1234,"properties":{"k":"resto"},"geometry":{"type":"Point","coordinates":[13.39319,52.52675]}},{"type":"Feature","id":1235,"properties":{"k":"resto"},"geometry":{"type":"Point","coordinates":[13.39238,52.52836]}},{"type":"Feature","id":1236,"properties":{"k":"resto"},"geometry":{"type":"Point","coordinates":[13.39363,52.52828]}},{"type":"Feature","id":1237,"properties":{"k":"resto"},"geometry":{"type":"Point","coordinates":[13.3885,52.52451]}},{"type":"Feature","id":1238,"properties":{"k":"resto"},"geometry":{"type":"Point","coordinates":[13.38885,52.52649]}},{"type":"Feature","id":1239,"properties":{"k":"resto"},"geometry":{"type":"Point","coordinates":[13.3889,52.5264]}},{"type":"Feature","id":1240,"properties":{"k":"resto"},"geometry":{"type":"Point","coordinates":[13.38982,52.52665]}},{"type":"Feature","id":1241,"properties":{"k":"resto"},"geometry":{"type":"Point","coordinates":[13.38442,52.52242]}},{"type":"Feature","id":1242,"properties":{"k":"resto"},"geometry":{"type":"Point","coordinates":[13.38434,52.5224]}},{"type":"Feature","id":1243,"properties":{"k":"resto"},"geometry":{"type":"Point","coordinates":[13.42752,52.532]}},{"type":"Feature","id":1244,"properties":{"k":"resto"},"geometry":{"type":"Point","coordinates":[13.43055,52.49519]}},{"type":"Feature","id":1245,"properties":{"k":"resto"},"geometry":{"type":"Point","coordinates":[13.38769,52.51721]}},{"type":"Feature","id":1246,"properties":{"k":"resto"},"geometry":{"type":"Point","coordinates":[13.42754,52.49953]}},{"type":"Feature","id":1247,"properties":{"k":"resto"},"geometry":{"type":"Point","coordinates":[13.39031,52.51483]}},{"type":"Feature","id":1248,"properties":{"k":"resto"},"geometry":{"type":"Point","coordinates":[13.38045,52.51714]}},{"type":"Feature","id":1249,"properties":{"k":"resto"},"geometry":{"type":"Point","coordinates":[13.38412,52.51844]}},{"type":"Feature","id":1250,"properties":{"k":"resto"},"geometry":{"type":"Point","coordinates":[13.38846,52.492]}},{"type":"Feature","id":1251,"properties":{"k":"resto"},"geometry":{"type":"Point","coordinates":[13.38629,52.51849]}},{"type":"Feature","id":1252,"properties":{"k":"resto"},"geometry":{"type":"Point","coordinates":[13.40892,52.52419]}},{"type":"Feature","id":1253,"properties":{"k":"resto"},"geometry":{"type":"Point","coordinates":[13.40366,52.5261]}},{"type":"Feature","id":1254,"properties":{"k":"resto"},"geometry":{"type":"Point","coordinates":[13.39645,52.52889]}},{"type":"Feature","id":1255,"properties":{"k":"resto"},"geometry":{"type":"Point","coordinates":[13.39691,52.49304]}},{"type":"Feature","id":1256,"properties":{"k":"resto"},"geometry":{"type":"Point","coordinates":[13.38866,52.51195]}},{"type":"Feature","id":1257,"properties":{"k":"resto"},"geometry":{"type":"Point","coordinates":[13.38457,52.49673]}},{"type":"Feature","id":1258,"properties":{"k":"resto"},"geometry":{"type":"Point","coordinates":[13.38825,52.50724]}},{"type":"Feature","id":1259,"properties":{"k":"resto"},"geometry":{"type":"Point","coordinates":[13.38534,52.53053]}},{"type":"Feature","id":1260,"properties":{"k":"resto"},"geometry":{"type":"Point","coordinates":[13.38932,52.52573]}},{"type":"Feature","id":1261,"properties":{"k":"resto"},"geometry":{"type":"Point","coordinates":[13.38938,52.52584]}},{"type":"Feature","id":1262,"properties":{"k":"resto"},"geometry":{"type":"Point","coordinates":[13.41675,52.52991]}},{"type":"Feature","id":1263,"properties":{"k":"resto"},"geometry":{"type":"Point","coordinates":[13.41702,52.50593]}},{"type":"Feature","id":1264,"properties":{"k":"resto"},"geometry":{"type":"Point","coordinates":[13.39258,52.51739]}},{"type":"Feature","id":1265,"properties":{"k":"resto"},"geometry":{"type":"Point","coordinates":[13.44354,52.50046]}},{"type":"Feature","id":1266,"properties":{"k":"resto"},"geometry":{"type":"Point","coordinates":[13.40076,52.52197]}},{"type":"Feature","id":1267,"properties":{"k":"resto"},"geometry":{"type":"Point","coordinates":[13.4284,52.51071]}},{"type":"Feature","id":1268,"properties":{"k":"resto"},"geometry":{"type":"Point","coordinates":[13.38097,52.51338]}},{"type":"Feature","id":1269,"properties":{"k":"resto"},"geometry":{"type":"Point","coordinates":[13.383,52.51144]}},{"type":"Feature","id":1270,"properties":{"k":"resto"},"geometry":{"type":"Point","coordinates":[13.39488,52.51163]}},{"type":"Feature","id":1271,"properties":{"k":"resto"},"geometry":{"type":"Point","coordinates":[13.42145,52.52511]}},{"type":"Feature","id":1272,"properties":{"k":"resto"},"geometry":{"type":"Point","coordinates":[13.41807,52.51158]}},{"type":"Feature","id":1273,"properties":{"k":"resto"},"geometry":{"type":"Point","coordinates":[13.39747,52.51312]}},{"type":"Feature","id":1274,"properties":{"k":"resto"},"geometry":{"type":"Point","coordinates":[13.4108,52.49065]}},{"type":"Feature","id":1275,"properties":{"k":"resto"},"geometry":{"type":"Point","coordinates":[13.39706,52.51324]}},{"type":"Feature","id":1276,"properties":{"k":"resto"},"geometry":{"type":"Point","coordinates":[13.38306,52.49407]}},{"type":"Feature","id":1277,"properties":{"k":"resto"},"geometry":{"type":"Point","coordinates":[13.40398,52.52037]}},{"type":"Feature","id":1278,"properties":{"k":"resto"},"geometry":{"type":"Point","coordinates":[13.41891,52.49476]}},{"type":"Feature","id":1279,"properties":{"k":"resto"},"geometry":{"type":"Point","coordinates":[13.38997,52.49721]}},{"type":"Feature","id":1280,"properties":{"k":"resto"},"geometry":{"type":"Point","coordinates":[13.39107,52.51971]}},{"type":"Feature","id":1281,"properties":{"k":"resto"},"geometry":{"type":"Point","coordinates":[13.38649,52.49936]}},{"type":"Feature","id":1282,"properties":{"k":"resto"},"geometry":{"type":"Point","coordinates":[13.39081,52.52549]}},{"type":"Feature","id":1283,"properties":{"k":"resto"},"geometry":{"type":"Point","coordinates":[13.41617,52.51409]}},{"type":"Feature","id":1284,"properties":{"k":"resto"},"geometry":{"type":"Point","coordinates":[13.41129,52.52925]}},{"type":"Feature","id":1285,"properties":{"k":"resto"},"geometry":{"type":"Point","coordinates":[13.39989,52.52941]}},{"type":"Feature","id":1286,"properties":{"k":"resto"},"geometry":{"type":"Point","coordinates":[13.39987,52.52956]}},{"type":"Feature","id":1287,"properties":{"k":"resto"},"geometry":{"type":"Point","coordinates":[13.39955,52.5294]}},{"type":"Feature","id":1288,"properties":{"k":"resto"},"geometry":{"type":"Point","coordinates":[13.39947,52.52966]}},{"type":"Feature","id":1289,"properties":{"k":"resto"},"geometry":{"type":"Point","coordinates":[13.39973,52.52968]}},{"type":"Feature","id":1290,"properties":{"k":"resto"},"geometry":{"type":"Point","coordinates":[13.40675,52.51126]}},{"type":"Feature","id":1291,"properties":{"k":"resto"},"geometry":{"type":"Point","coordinates":[13.40248,52.51087]}},{"type":"Feature","id":1292,"properties":{"k":"resto"},"geometry":{"type":"Point","coordinates":[13.39274,52.51628]}},{"type":"Feature","id":1293,"properties":{"k":"resto"},"geometry":{"type":"Point","coordinates":[13.44073,52.49967]}},{"type":"Feature","id":1294,"properties":{"k":"resto"},"geometry":{"type":"Point","coordinates":[13.44094,52.50011]}},{"type":"Feature","id":1295,"properties":{"k":"resto"},"geometry":{"type":"Point","coordinates":[13.43468,52.49955]}},{"type":"Feature","id":1296,"properties":{"k":"resto"},"geometry":{"type":"Point","coordinates":[13.42133,52.49329]}},{"type":"Feature","id":1297,"properties":{"k":"resto"},"geometry":{"type":"Point","coordinates":[13.41461,52.49296]}},{"type":"Feature","id":1298,"properties":{"k":"resto"},"geometry":{"type":"Point","coordinates":[13.41517,52.49308]}},{"type":"Feature","id":1299,"properties":{"k":"resto"},"geometry":{"type":"Point","coordinates":[13.41646,52.49275]}},{"type":"Feature","id":1300,"properties":{"k":"resto"},"geometry":{"type":"Point","coordinates":[13.41639,52.49266]}},{"type":"Feature","id":1301,"properties":{"k":"resto"},"geometry":{"type":"Point","coordinates":[13.41644,52.49264]}},{"type":"Feature","id":1302,"properties":{"k":"resto"},"geometry":{"type":"Point","coordinates":[13.41782,52.49241]}},{"type":"Feature","id":1303,"properties":{"k":"resto"},"geometry":{"type":"Point","coordinates":[13.41985,52.49178]}},{"type":"Feature","id":1304,"properties":{"k":"resto"},"geometry":{"type":"Point","coordinates":[13.41791,52.49548]}},{"type":"Feature","id":1305,"properties":{"k":"resto"},"geometry":{"type":"Point","coordinates":[13.41943,52.49543]}},{"type":"Feature","id":1306,"properties":{"k":"resto"},"geometry":{"type":"Point","coordinates":[13.39113,52.52525]}},{"type":"Feature","id":1307,"properties":{"k":"resto"},"geometry":{"type":"Point","coordinates":[13.39129,52.52522]}},{"type":"Feature","id":1308,"properties":{"k":"resto"},"geometry":{"type":"Point","coordinates":[13.39017,52.5258]}},{"type":"Feature","id":1309,"properties":{"k":"resto"},"geometry":{"type":"Point","coordinates":[13.41918,52.49511]}},{"type":"Feature","id":1310,"properties":{"k":"resto"},"geometry":{"type":"Point","coordinates":[13.40913,52.52154]}},{"type":"Feature","id":1311,"properties":{"k":"resto"},"geometry":{"type":"Point","coordinates":[13.42685,52.51951]}},{"type":"Feature","id":1312,"properties":{"k":"resto"},"geometry":{"type":"Point","coordinates":[13.38988,52.49189]}},{"type":"Feature","id":1313,"properties":{"k":"resto"},"geometry":{"type":"Point","coordinates":[13.40765,52.52344]}},{"type":"Feature","id":1314,"properties":{"k":"resto"},"geometry":{"type":"Point","coordinates":[13.44033,52.51311]}},{"type":"Feature","id":1315,"properties":{"k":"resto"},"geometry":{"type":"Point","coordinates":[13.38444,52.49945]}},{"type":"Feature","id":1316,"properties":{"k":"resto"},"geometry":{"type":"Point","coordinates":[13.38213,52.51586]}},{"type":"Feature","id":1317,"properties":{"k":"resto"},"geometry":{"type":"Point","coordinates":[13.4421,52.50421]}},{"type":"Feature","id":1318,"properties":{"k":"resto"},"geometry":{"type":"Point","coordinates":[13.44198,52.50414]}},{"type":"Feature","id":1319,"properties":{"k":"resto"},"geometry":{"type":"Point","coordinates":[13.39017,52.49043]}},{"type":"Feature","id":1320,"properties":{"k":"resto"},"geometry":{"type":"Point","coordinates":[13.39047,52.49029]}},{"type":"Feature","id":1321,"properties":{"k":"resto"},"geometry":{"type":"Point","coordinates":[13.44772,52.52501]}},{"type":"Feature","id":1322,"properties":{"k":"resto"},"geometry":{"type":"Point","coordinates":[13.41885,52.50089]}},{"type":"Feature","id":1323,"properties":{"k":"resto"},"geometry":{"type":"Point","coordinates":[13.41852,52.5014]}},{"type":"Feature","id":1324,"properties":{"k":"resto"},"geometry":{"type":"Point","coordinates":[13.41275,52.50317]}},{"type":"Feature","id":1325,"properties":{"k":"resto"},"geometry":{"type":"Point","coordinates":[13.40148,52.521]}},{"type":"Feature","id":1326,"properties":{"k":"resto"},"geometry":{"type":"Point","coordinates":[13.38311,52.53175]}},{"type":"Feature","id":1327,"properties":{"k":"resto"},"geometry":{"type":"Point","coordinates":[13.41147,52.50517]}},{"type":"Feature","id":1328,"properties":{"k":"resto"},"geometry":{"type":"Point","coordinates":[13.40779,52.50992]}},{"type":"Feature","id":1329,"properties":{"k":"resto"},"geometry":{"type":"Point","coordinates":[13.40495,52.50878]}},{"type":"Feature","id":1330,"properties":{"k":"resto"},"geometry":{"type":"Point","coordinates":[13.40236,52.51065]}},{"type":"Feature","id":1331,"properties":{"k":"resto"},"geometry":{"type":"Point","coordinates":[13.43944,52.50073]}},{"type":"Feature","id":1332,"properties":{"k":"resto"},"geometry":{"type":"Point","coordinates":[13.439,52.50067]}},{"type":"Feature","id":1333,"properties":{"k":"resto"},"geometry":{"type":"Point","coordinates":[13.4398,52.50079]}},{"type":"Feature","id":1334,"properties":{"k":"resto"},"geometry":{"type":"Point","coordinates":[13.40727,52.50016]}},{"type":"Feature","id":1335,"properties":{"k":"resto"},"geometry":{"type":"Point","coordinates":[13.40818,52.52553]}},{"type":"Feature","id":1336,"properties":{"k":"resto"},"geometry":{"type":"Point","coordinates":[13.40908,52.52492]}},{"type":"Feature","id":1337,"properties":{"k":"resto"},"geometry":{"type":"Point","coordinates":[13.41245,52.52571]}},{"type":"Feature","id":1338,"properties":{"k":"resto"},"geometry":{"type":"Point","coordinates":[13.41517,52.52754]}},{"type":"Feature","id":1339,"properties":{"k":"resto"},"geometry":{"type":"Point","coordinates":[13.42822,52.53164]}},{"type":"Feature","id":1340,"properties":{"k":"resto"},"geometry":{"type":"Point","coordinates":[13.42846,52.52886]}},{"type":"Feature","id":1341,"properties":{"k":"resto"},"geometry":{"type":"Point","coordinates":[13.43276,52.53023]}},{"type":"Feature","id":1342,"properties":{"k":"resto"},"geometry":{"type":"Point","coordinates":[13.43523,52.53048]}},{"type":"Feature","id":1343,"properties":{"k":"resto"},"geometry":{"type":"Point","coordinates":[13.4326,52.53163]}},{"type":"Feature","id":1344,"properties":{"k":"resto"},"geometry":{"type":"Point","coordinates":[13.43279,52.53141]}},{"type":"Feature","id":1345,"properties":{"k":"resto"},"geometry":{"type":"Point","coordinates":[13.43249,52.53154]}},{"type":"Feature","id":1346,"properties":{"k":"resto"},"geometry":{"type":"Point","coordinates":[13.4332,52.53094]}},{"type":"Feature","id":1347,"properties":{"k":"resto"},"geometry":{"type":"Point","coordinates":[13.39633,52.49299]}},{"type":"Feature","id":1348,"properties":{"k":"resto"},"geometry":{"type":"Point","coordinates":[13.41815,52.53066]}},{"type":"Feature","id":1349,"properties":{"k":"resto"},"geometry":{"type":"Point","coordinates":[13.41426,52.53197]}},{"type":"Feature","id":1350,"properties":{"k":"resto"},"geometry":{"type":"Point","coordinates":[13.39673,52.51227]}},{"type":"Feature","id":1351,"properties":{"k":"resto"},"geometry":{"type":"Point","coordinates":[13.39404,52.50881]}},{"type":"Feature","id":1352,"properties":{"k":"resto"},"geometry":{"type":"Point","coordinates":[13.3942,52.50792]}},{"type":"Feature","id":1353,"properties":{"k":"resto"},"geometry":{"type":"Point","coordinates":[13.39197,52.50958]}},{"type":"Feature","id":1354,"properties":{"k":"resto"},"geometry":{"type":"Point","coordinates":[13.39802,52.51543]}},{"type":"Feature","id":1355,"properties":{"k":"resto"},"geometry":{"type":"Point","coordinates":[13.39792,52.51541]}},{"type":"Feature","id":1356,"properties":{"k":"resto"},"geometry":{"type":"Point","coordinates":[13.3865,52.51281]}},{"type":"Feature","id":1357,"properties":{"k":"resto"},"geometry":{"type":"Point","coordinates":[13.44764,52.52546]}},{"type":"Feature","id":1358,"properties":{"k":"resto"},"geometry":{"type":"Point","coordinates":[13.41331,52.52045]}},{"type":"Feature","id":1359,"properties":{"k":"resto"},"geometry":{"type":"Point","coordinates":[13.39458,52.51399]}},{"type":"Feature","id":1360,"properties":{"k":"resto"},"geometry":{"type":"Point","coordinates":[13.38904,52.51564]}},{"type":"Feature","id":1361,"properties":{"k":"resto"},"geometry":{"type":"Point","coordinates":[13.40851,52.52297]}},{"type":"Feature","id":1362,"properties":{"k":"resto"},"geometry":{"type":"Point","coordinates":[13.44835,52.51365]}},{"type":"Feature","id":1363,"properties":{"k":"resto"},"geometry":{"type":"Point","coordinates":[13.43002,52.49916]}},{"type":"Feature","id":1364,"properties":{"k":"resto"},"geometry":{"type":"Point","coordinates":[13.42852,52.49947]}},{"type":"Feature","id":1365,"properties":{"k":"resto"},"geometry":{"type":"Point","coordinates":[13.42598,52.49699]}},{"type":"Feature","id":1366,"properties":{"k":"resto"},"geometry":{"type":"Point","coordinates":[13.39223,52.51914]}},{"type":"Feature","id":1367,"properties":{"k":"resto"},"geometry":{"type":"Point","coordinates":[13.39057,52.51816]}},{"type":"Feature","id":1368,"properties":{"k":"resto"},"geometry":{"type":"Point","coordinates":[13.41073,52.5214]}},{"type":"Feature","id":1369,"properties":{"k":"resto"},"geometry":{"type":"Point","coordinates":[13.42474,52.50949]}},{"type":"Feature","id":1370,"properties":{"k":"resto"},"geometry":{"type":"Point","coordinates":[13.42657,52.50901]}},{"type":"Feature","id":1371,"properties":{"k":"resto"},"geometry":{"type":"Point","coordinates":[13.41705,52.51218]}},{"type":"Feature","id":1372,"properties":{"k":"resto"},"geometry":{"type":"Point","coordinates":[13.41708,52.51201]}},{"type":"Feature","id":1373,"properties":{"k":"resto"},"geometry":{"type":"Point","coordinates":[13.41698,52.51203]}},{"type":"Feature","id":1374,"properties":{"k":"resto"},"geometry":{"type":"Point","coordinates":[13.41715,52.51216]}},{"type":"Feature","id":1375,"properties":{"k":"resto"},"geometry":{"type":"Point","coordinates":[13.41701,52.51134]}},{"type":"Feature","id":1376,"properties":{"k":"resto"},"geometry":{"type":"Point","coordinates":[13.40772,52.53168]}},{"type":"Feature","id":1377,"properties":{"k":"resto"},"geometry":{"type":"Point","coordinates":[13.38612,52.52881]}},{"type":"Feature","id":1378,"properties":{"k":"resto"},"geometry":{"type":"Point","coordinates":[13.40384,52.52996]}},{"type":"Feature","id":1379,"properties":{"k":"resto"},"geometry":{"type":"Point","coordinates":[13.39184,52.52539]}},{"type":"Feature","id":1380,"properties":{"k":"resto"},"geometry":{"type":"Point","coordinates":[13.38864,52.52597]}},{"type":"Feature","id":1381,"properties":{"k":"resto"},"geometry":{"type":"Point","coordinates":[13.3955,52.52684]}},{"type":"Feature","id":1382,"properties":{"k":"resto"},"geometry":{"type":"Point","coordinates":[13.40394,52.52612]}},{"type":"Feature","id":1383,"properties":{"k":"resto"},"geometry":{"type":"Point","coordinates":[13.38635,52.51849]}},{"type":"Feature","id":1384,"properties":{"k":"resto"},"geometry":{"type":"Point","coordinates":[13.39318,52.5141]}},{"type":"Feature","id":1385,"properties":{"k":"resto"},"geometry":{"type":"Point","coordinates":[13.39332,52.51322]}},{"type":"Feature","id":1386,"properties":{"k":"resto"},"geometry":{"type":"Point","coordinates":[13.39686,52.51339]}},{"type":"Feature","id":1387,"properties":{"k":"resto"},"geometry":{"type":"Point","coordinates":[13.41178,52.51245]}},{"type":"Feature","id":1388,"properties":{"k":"resto"},"geometry":{"type":"Point","coordinates":[13.41475,52.51146]}},{"type":"Feature","id":1389,"properties":{"k":"resto"},"geometry":{"type":"Point","coordinates":[13.39752,52.51026]}},{"type":"Feature","id":1390,"properties":{"k":"resto"},"geometry":{"type":"Point","coordinates":[13.39205,52.50816]}},{"type":"Feature","id":1391,"properties":{"k":"resto"},"geometry":{"type":"Point","coordinates":[13.38724,52.51059]}},{"type":"Feature","id":1392,"properties":{"k":"resto"},"geometry":{"type":"Point","coordinates":[13.40417,52.52471]}},{"type":"Feature","id":1393,"properties":{"k":"resto"},"geometry":{"type":"Point","coordinates":[13.38123,52.53204]}},{"type":"Feature","id":1394,"properties":{"k":"resto"},"geometry":{"type":"Point","coordinates":[13.38529,52.521]}},{"type":"Feature","id":1395,"properties":{"k":"resto"},"geometry":{"type":"Point","coordinates":[13.38819,52.51792]}},{"type":"Feature","id":1396,"properties":{"k":"resto"},"geometry":{"type":"Point","coordinates":[13.38649,52.5179]}},{"type":"Feature","id":1397,"properties":{"k":"resto"},"geometry":{"type":"Point","coordinates":[13.3865,52.51782]}},{"type":"Feature","id":1398,"properties":{"k":"resto"},"geometry":{"type":"Point","coordinates":[13.38691,52.51784]}},{"type":"Feature","id":1399,"properties":{"k":"resto"},"geometry":{"type":"Point","coordinates":[13.38859,52.52589]}},{"type":"Feature","id":1400,"properties":{"k":"resto"},"geometry":{"type":"Point","coordinates":[13.3965,52.52731]}},{"type":"Feature","id":1401,"properties":{"k":"resto"},"geometry":{"type":"Point","coordinates":[13.39829,52.49472]}},{"type":"Feature","id":1402,"properties":{"k":"resto"},"geometry":{"type":"Point","coordinates":[13.41475,52.52675]}},{"type":"Feature","id":1403,"properties":{"k":"resto"},"geometry":{"type":"Point","coordinates":[13.4317,52.53202]}},{"type":"Feature","id":1404,"properties":{"k":"resto"},"geometry":{"type":"Point","coordinates":[13.44557,52.50663]}},{"type":"Feature","id":1405,"properties":{"k":"resto"},"geometry":{"type":"Point","coordinates":[13.44572,52.50658]}},{"type":"Feature","id":1406,"properties":{"k":"resto"},"geometry":{"type":"Point","coordinates":[13.44619,52.50661]}},{"type":"Feature","id":1407,"properties":{"k":"resto"},"geometry":{"type":"Point","coordinates":[13.39929,52.53184]}},{"type":"Feature","id":1408,"properties":{"k":"resto"},"geometry":{"type":"Point","coordinates":[13.38715,52.52555]}},{"type":"Feature","id":1409,"properties":{"k":"resto"},"geometry":{"type":"Point","coordinates":[13.40455,52.50848]}},{"type":"Feature","id":1410,"properties":{"k":"resto"},"geometry":{"type":"Point","coordinates":[13.43459,52.49058]}},{"type":"Feature","id":1411,"properties":{"k":"resto"},"geometry":{"type":"Point","coordinates":[13.42192,52.52123]}},{"type":"Feature","id":1412,"properties":{"k":"resto"},"geometry":{"type":"Point","coordinates":[13.38418,52.52057]}},{"type":"Feature","id":1413,"properties":{"k":"resto"},"geometry":{"type":"Point","coordinates":[13.40085,52.51623]}},{"type":"Feature","id":1414,"properties":{"k":"resto"},"geometry":{"type":"Point","coordinates":[13.38197,52.52573]}},{"type":"Feature","id":1415,"properties":{"k":"resto"},"geometry":{"type":"Point","coordinates":[13.43451,52.50835]}},{"type":"Feature","id":1416,"properties":{"k":"resto"},"geometry":{"type":"Point","coordinates":[13.40003,52.5314]}},{"type":"Feature","id":1417,"properties":{"k":"resto"},"geometry":{"type":"Point","coordinates":[13.40324,52.49056]}},{"type":"Feature","id":1418,"properties":{"k":"resto"},"geometry":{"type":"Point","coordinates":[13.40352,52.50832]}},{"type":"Feature","id":1419,"properties":{"k":"resto"},"geometry":{"type":"Point","coordinates":[13.39075,52.5129]}}]}